Open,High,Low,Volume,PriceCategory
0.3,0.3034282369723857,0.2955096887746318,715.8,Low
0.3,0.3043765793883228,0.2994593365823236,2028.3,Low
0.3,0.3037357512436083,0.2958577466121563,273.0,Low
0.3,0.3034058341430823,0.2984894975814977,1452.0,Low
0.3,0.3027148323562317,0.2963302113660724,1002.6,Low
0.3,0.3039815964444799,0.2981269442819001,872.6999999999999,Low
0.3,0.3027942471041973,0.299572303961348,421.2,Low
0.3,0.3053831061044578,0.2957924388201218,1030.5,Low
0.3,0.3057928777348558,0.2971426428782199,2379.9,Low
0.3,0.3024856166573069,0.2955718852237124,310.5,Low
0.3,0.3048128327170711,0.2993791783591658,2347.2,Low
0.3,0.3033147010425915,0.2966778404971627,894.9,Low
0.3,0.3035378539982353,0.2993906815505022,2811.0,Low
0.3,0.3055759008382682,0.2988800718397372,1825.5,Low
0.3,0.3007049055317279,0.2952288444326151,2659.2,Low
0.3,0.3007966370082988,0.2983965678629486,874.5,Low
0.3,0.3004152448654099,0.2991680559513006,1514.4,Low
0.3,0.3050459331196232,0.2988916903089524,2158.8,Low
0.3,0.3047354934804142,0.2988938364057677,369.3,Low
0.3,0.3052590692450068,0.2948902038217472,158.4,Low
0.3,0.3058781245507267,0.2963373275407949,957.0,Low
0.3,0.3048552038160353,0.2951836105775258,1566.6,Low
0.3,0.3029304323648417,0.2982338511506295,1254.0,Low
0.3,0.3047490163048328,0.2961298572549802,2197.8,Low
0.3,0.3009741642274529,0.2945762267313698,1523.1,Low
0.3,0.3039475498215668,0.2966564537027203,1032.9,Low
0.3,0.3011171137382315,0.2947368158798875,1800.6,Low
0.3,0.3056846128271825,0.2984571394266188,714.6,Low
0.3,0.3032745354339754,0.2941885178099258,275.4,Low
0.3,0.3026635730579459,0.2992457528151833,624.0,Low
0.3,0.3018079669889963,0.2953616823495227,2934.0,Low
0.3,0.304713132029775,0.2985502027015705,2558.4,Low
0.3,0.3029000568936343,0.2990337400989226,626.4,Low
0.3,0.3035400735085513,0.296513552190393,1213.2,Low
0.3,0.3004071018624872,0.2978929729891844,2479.2,Low
0.3,0.3038205223333325,0.2984316362776194,2388.6,Low
0.3,0.3037889456195178,0.297196997248536,2062.2,Low
0.3,0.3038165237821861,0.2940659978319136,775.1999999999999,Low
0.3,0.3056793640475333,0.2960937379167983,562.1999999999999,Low
0.3,0.3041863757048898,0.298111963096225,735.6,Low
0.3,0.3023491950332705,0.2940803574418941,2574.0,Low
0.3,0.3027910821366562,0.2981087499188884,2202.9,Low
0.3,0.3042764978167854,0.2955979858121802,2654.4,Low
0.3,0.3006432851882868,0.2981990029571735,912.9,Low
0.3,0.3041005702780403,0.2952864532468188,90.0,Low
0.3,0.3041226358568235,0.2960292904910012,2278.2,Low
0.3,0.3014991805981208,0.2964355708833068,117.3,Low
0.3,0.3010348798966326,0.2970842992166968,537.6,Low
0.3,0.3020979416002678,0.298315793418878,2859.9,Low
0.3,0.3023731513943729,0.296226264740714,1420.5,Low
0.3,0.3035501215913819,0.2947162189700315,2397.0,Low
0.3,0.3028000286267352,0.29952155913991,651.0,Low
0.3,0.3059337308769376,0.2955237824886769,1300.2,Low
0.3,0.3008816554212637,0.2946844415495864,2043.9,Low
0.3,0.3014905975097405,0.296183739652557,2225.7,Low
0.3,0.3012194642519444,0.2982269453952722,1290.9,Low
0.3,0.3040227174551528,0.2976965921611807,1506.3,Low
0.3,0.3017437621344767,0.2954318125208398,415.8,Low
0.3,0.3029579714052809,0.2976091125229331,2709.6,Low
0.3,0.3016932258744091,0.2996539830102647,1014.0,Low
0.3,0.3012061266267794,0.2990985457205392,347.7,Low
0.3,0.3009291383046366,0.2980735598903286,2139.9,Low
0.3,0.304041078659952,0.2974589321218205,400.2,Low
0.3,0.3010876428226871,0.2976233490784908,445.5,Low
0.3,0.3014205194615763,0.2951033619894893,1098.6,Low
0.3,0.3024017334727674,0.2984369784038168,2398.2,Low
0.3,0.3049796614101332,0.2973612141008902,1863.3,Low
0.3,0.3008534772720204,0.2950589067035232,367.2,Low
0.3,0.3050762859727431,0.2951774075009541,388.8,Low
0.3,0.3008477609249955,0.2985302157544682,1032.3,Low
0.3,0.3058658189505763,0.2976247838300901,690.9,Low
0.3,0.3029713118493919,0.2988090150476055,1842.9,Low
0.3,0.3058675382026849,0.2991864300672465,488.1,Low
0.3,0.3037476194625467,0.2965410988384052,1872.9,Low
0.3,0.3045138024025703,0.2978788942185769,2003.1,Low
0.3,0.3005233704158496,0.296771971465801,2803.5,Low
0.3,0.3019119996866855,0.296348913578105,2135.4,Low
0.3,0.300985120398915,0.2962447040746272,1020.0,Low
0.3,0.3019879991258762,0.2943376383218451,1595.1,Low
0.3,0.3009767479980391,0.2983624994477082,459.3,Low
0.3,0.3021125041225457,0.2945809138285892,1975.8,Low
0.3,0.3026612990687336,0.2994075406275512,1305.9,Low
0.3,0.300665640729188,0.2995268178170593,1948.8,Low
0.3,0.3042470910804091,0.2990800220024459,2179.8,Low
0.3,0.3035296282889774,0.2960309718616182,574.8,Low
0.3,0.3018127200983548,0.2966773269504871,1480.2,Low
0.3,0.3032825139047602,0.2987758978562895,2689.2,Low
0.3,0.3008354609113231,0.2988569417996988,2256.6,Low
0.3,0.3035828950246702,0.2966822529419871,1844.1,Low
0.3,0.3055969883261844,0.2942336663770437,2890.8,Low
0.3,0.3021158430289725,0.2986584389661566,1161.0,Low
0.3,0.304104239165793,0.2982229617917169,1701.9,Low
0.3,0.301051247815705,0.2990126752335975,2531.1,Low
0.3,0.3043830650634758,0.2963107694910722,260.1,Low
0.3,0.301949614729799,0.2944174150478021,490.5,Low
0.3,0.3013441907634406,0.2983433136940362,2901.3,Low
0.3,0.3036431237284174,0.2970071987998664,907.8,Low
0.3,0.3004146130132687,0.2945265970162002,2906.4,Low
0.3,0.3050249581665389,0.2956627860987241,606.6,Low
0.3,0.3003267642142975,0.2966887660182523,1574.4,Low
0.3,0.3041635542597385,0.2960559514221435,1005.0,Low
0.3,0.3018390454471953,0.2955342144496644,2039.7,Low
0.3,0.3044906059260988,0.2955476728231191,610.1999999999999,Low
0.3,0.3057844747071694,0.2969356304824194,2204.4,Low
0.3,0.3017178929180637,0.2980955868353226,1708.8,Low
0.3,0.3035840968061817,0.2985248048204853,2408.7,Low
0.3,0.3036746390082495,0.294463900897283,448.2,Low
0.3,0.3035618358630079,0.2993679938309331,429.9,Low
0.3,0.3015715653060515,0.2977786830996058,1034.4,Low
0.3,0.3057306693656468,0.2957667142147548,2399.1,Low
0.3,0.3028486146581204,0.2962796065443687,2516.1,Low
0.3,0.3051245294330854,0.2972306539791821,2378.7,Low
0.3,0.3042870318693098,0.2991058726645693,2376.3,Low
0.3,0.3019953906198742,0.2989046901078233,522.9,Low
0.3,0.3049386475723041,0.2957298196255132,2315.4,Low
0.3,0.3025600827228278,0.2969429292975246,698.4,Low
0.3,0.3053222882235336,0.2977645608335787,672.3,Low
0.3,0.3036132553740244,0.2975636768728289,1269.0,Low
0.3,0.3053258915625726,0.2972564899093661,2379.9,Low
0.3,0.3042474300634432,0.2958065772722927,1975.5,Low
0.3,0.304433949394972,0.2962745975997085,51.3,Low
0.3,0.3031575489769821,0.2992982470168625,2213.7,Low
0.3,0.3057496767179223,0.2988023762032588,2742.0,Low
0.3,0.3039707441356089,0.2992978325845426,177.9,Low
0.3,0.3027159737767816,0.2995028362832007,2190.9,Low
0.3,0.3037564413205291,0.2952767719677133,683.1,Low
0.3,0.3004094012303632,0.294849534226321,541.5,Low
0.3,0.3020189764550449,0.2973277863563111,57.0,Low
0.3,0.3040629891637083,0.2941776075282223,2079.6,Low
0.3,0.3019534423610995,0.2947774930972529,757.1999999999999,Low
0.3,0.3038226879452934,0.294795805249912,2500.2,Low
0.3,0.3027439815953909,0.2976070489203822,456.6,Low
0.3,0.3010722021660679,0.2942602211703052,2830.8,Low
0.3,0.3020002092579493,0.2954310998798869,1404.9,Low
0.3,0.3035487999909972,0.2976839531540859,2572.5,Low
0.3,0.3036679747391146,0.2946336525045137,1723.5,Low
0.3,0.3035736539184426,0.2996765598901987,2244.9,Low
0.3,0.3040232446731857,0.2964419310649668,1884.3,Low
0.3,0.3040169886390096,0.2967350150798875,112.2,Low
0.3,0.3027590850819736,0.2992337973389775,1525.5,Low
0.3,0.305410315596351,0.2947845680098347,2968.5,Low
0.3,0.302395102659273,0.2980942463446087,1103.7,Low
0.3,0.302784430074014,0.2975548045471176,1095.9,Low
0.3,0.3053839631235893,0.2969916255377524,2528.4,Low
0.3,0.3048953057375627,0.2950434714663073,1394.4,Low
0.3,0.3043121649261801,0.2963088532245941,1857.0,Low
0.3,0.3008712932576801,0.2964854439398935,1389.0,Low
0.3,0.3055410508983446,0.2976344478172241,635.6999999999999,Low
0.3,0.3043711754074299,0.2981057973707872,932.1,Low
0.3,0.3059934279374368,0.296974714677958,1209.9,Low
0.3,0.3011518553365505,0.29824231886742,691.5,Low
0.3,0.3052483185269988,0.2977647848022356,219.6,Low
0.3,0.3012262097276553,0.2971898548908031,1210.8,Low
0.3,0.3038086895164179,0.2948920450729563,2469.9,Low
0.3,0.3010057739022418,0.2943960894845447,306.3,Low
0.3,0.3051336469071367,0.2949704741935309,1885.8,Low
0.3,0.3049017180647325,0.2967035116251093,2325.0,Low
0.3,0.3035438742101032,0.2956441236562226,2910.3,Low
0.3,0.3026209447941881,0.297789310927499,1904.7,Low
0.3,0.3006942518740942,0.2970825775414406,437.4,Low
0.3,0.304275344006924,0.2943392089588209,1604.4,Low
0.3,0.3028851932912649,0.2976767993640289,627.9,Low
0.3,0.304415716916981,0.2987139816396329,1820.4,Low
0.3,0.3052383792577932,0.2970090638749975,1739.7,Low
0.3,0.3058604725785164,0.2959802277728879,367.8,Low
0.3,0.3051780790516378,0.2989788687190916,254.7,Low
0.3,0.3003667702798545,0.2990040219135661,2312.7,Low
0.3,0.3023518749675266,0.2979689391216454,475.8,Low
0.3,0.3044609462058171,0.2945264001220294,2367.9,Low
0.3,0.3012782891603902,0.2958547580493401,1930.2,Low
0.3,0.3032699086553635,0.2984349753086334,1163.1,Low
0.3,0.3006097265335337,0.296260120904455,1624.2,Low
0.3,0.3014399801919095,0.2959366329472721,2007.9,Low
0.3,0.3004055742284255,0.2967185883245252,1758.3,Low
0.3,0.3048240769091372,0.2953715199749372,616.8,Low
0.3,0.3015763707219441,0.2995589877646428,2556.0,Low
0.3,0.3022685045799723,0.2986106318055074,155.4,Low
0.3,0.3055900633727539,0.2941916810567768,2009.1,Low
0.3,0.3043151620909641,0.296862881989986,1442.7,Low
0.3,0.3004814818983284,0.2992638656491568,2402.1,Low
0.3,0.3012387566920381,0.2979433757657574,399.0,Low
0.3,0.3038424268885486,0.2996898973988116,2178.0,Low
0.3,0.3035902029550437,0.2963973388212519,1908.0,Low
0.3,0.3016559890818346,0.2940029739744324,803.6999999999999,Low
0.3,0.3056250197881713,0.2963364328641298,1972.2,Low
0.3,0.3037996059490056,0.2962225843057576,941.1,Low
0.3,0.3033531069772422,0.2978319583074499,2119.8,Low
0.3,0.303662486865221,0.2983489144900639,2984.4,Low
0.3,0.3044616955682456,0.2968035075393713,2386.5,Low
0.3,0.3020780864742337,0.2945712188482288,1856.1,Low
0.3,0.3025698600546317,0.2996444187065462,550.8,Low
0.3,0.3014961093691582,0.2964529901992214,2053.8,Low
0.3,0.3013613001335178,0.2972574868937592,1479.0,Low
0.3,0.3056829226229083,0.2961592779558342,2702.4,Low
0.3,0.3045154395317809,0.2949122392506143,1179.0,Low
0.3,0.3030956152091201,0.2971404496980283,2974.2,Low
0.3,0.3015962633794479,0.2984592081447619,157.5,Low
0.3,0.3017498319460912,0.2975533401744923,1672.2,Low
0.3,0.3006307662138461,0.2988418571815902,475.2,Low
0.3,0.3027761747656812,0.2992160744789982,1590.6,Low
0.3,0.3020772365273663,0.2975575048084019,120.0,Low
0.3,0.3042691578862481,0.2961335182672146,1370.7,Low
0.3,0.3024531854839671,0.2982018385843009,1708.2,Low
0.3,0.3013237409620898,0.2944806002910256,2359.8,Low
0.3,0.3004406687518305,0.2957729775931179,2702.1,Low
0.3,0.3006833228993405,0.2957880133173191,2102.7,Low
0.3,0.3041725388089418,0.2957572490940371,286.8,Low
0.3,0.3028860720139694,0.2996903983600978,1222.5,Low
0.3,0.3033585015033196,0.2950658615055293,119.4,Low
0.3,0.3054110263703299,0.2944696308207227,744.0,Low
0.3,0.3059449320001612,0.2995894314927043,2100.3,Low
0.3,0.3015363128110713,0.2962897242548041,2844.0,Low
0.3,0.3040795457576706,0.2958435181102734,1367.4,Low
0.3,0.3018009375474018,0.2985814172885887,926.1,Low
0.3,0.3004177106969546,0.294922195800904,1739.4,Low
0.3,0.3046227583268659,0.2961327609385522,166.79999999999998,Low
0.3,0.302124097759688,0.2984171860820218,2755.5,Low
0.3,0.3024857441967798,0.2941870163347099,778.5,Low
0.3,0.3036534075472555,0.2984695659393581,1325.7,Low
0.3,0.3050369761948463,0.2958320495004808,1940.7,Low
0.3,0.3038851965084695,0.2969988282604984,431.4,Low
0.3,0.3052741087360501,0.2955772765114129,2853.6,Low
0.3,0.3018591895984491,0.2991427729936529,919.5,Low
0.3,0.3048488669533016,0.2942704920434598,2566.2,Low
0.3,0.3013581248825439,0.2985344125243949,270.9,Low
0.3,0.30573091244474,0.2984438115463505,1341.6,Low
0.3,0.3042186831754105,0.2965420373476942,1120.5,Low
0.3,0.3015283937595472,0.297706520398501,2369.7,Low
0.3,0.3057000123657868,0.297179860791788,2935.5,Low
0.3,0.3044658780985899,0.2994885385698004,192.3,Low
0.3,0.3017474673627916,0.2983611586623564,1103.1,Low
0.3,0.3015158782709946,0.2952908612345712,146.4,Low
0.3,0.3032537440694047,0.2945573736220548,823.1999999999999,Low
0.3,0.3004462774929108,0.2983691785752513,1651.8,Low
0.3,0.3014825794300143,0.2952919107016254,1987.2,Low
0.3,0.3027207071718835,0.2995350038494473,1247.7,Low
0.3,0.3024327688879051,0.2994450716036749,122.1,Low
0.3,0.3029423799188794,0.2974598474551966,2318.7,Low
0.3,0.3018824836258799,0.2988569064693124,2592.6,Low
0.3,0.3036446707748115,0.2987530101587309,67.2,Low
0.3,0.3052239769537624,0.2961238369585442,1474.5,Low
0.3,0.3009699315789835,0.2948084636674307,943.5,Low
0.3,0.3032490609107784,0.2952598867218935,1079.4,Low
0.3,0.3010527882061674,0.2977819852923626,2196.3,Low
0.3,0.3043861001827978,0.2947112689879665,774.0,Low
0.3,0.3025575403060015,0.2949043282539133,2775.0,Low
0.3,0.3035229014775935,0.2967119933281041,2148.6,Low
0.3,0.3013446950664202,0.2969875064428093,129.0,Low
0.3,0.3011256322282572,0.2993667642136544,2327.7,Low
0.3,0.303081920799699,0.2988420071029583,121.2,Low
0.3,0.3023269926057447,0.299213144762689,626.1,Low
0.3,0.305660462087941,0.2966973967381803,1953.6,Low
0.3,0.3046623539466997,0.2958431605714761,2589.0,Low
0.3,0.3045673826331481,0.2961729425404529,2100.9,Low
0.3,0.3054512025165518,0.2947245541113044,553.5,Low
0.3,0.3007755078820195,0.2959453962975525,2571.6,Low
0.3,0.3034474970785577,0.2949706661612112,219.0,Low
0.3,0.3036315135930479,0.2988995764479299,1368.9,Low
0.3,0.3057830373577192,0.2987216059747103,2947.5,Low
0.3,0.3019652409027175,0.294465050017007,1783.2,Low
0.3,0.301672724045518,0.2976781833127179,30.3,Low
0.3,0.3008716754709133,0.2984631070295492,1089.3,Low
0.3,0.3003936488886713,0.2945012053588389,2132.7,Low
0.3,0.3055983171057154,0.2941704042109836,71.39999999999999,Low
0.3,0.3041185243155681,0.296064713018569,1372.2,Low
0.3,0.3047753715985318,0.297486469973665,599.4,Low
0.3,0.3019058616027975,0.2957762011942278,1068.9,Low
0.3,0.3036425379472621,0.299611320101654,2755.8,Low
0.3,0.3006645450168895,0.2988751399653439,536.4,Low
0.3,0.3030680772968273,0.297598327668531,2109.6,Low
0.3,0.3058717222965433,0.2949563203419443,2346.6,Low
0.3,0.3052960798983045,0.297965399333682,82.5,Low
0.3,0.30222750602547,0.2993701302170314,816.3,Low
0.3,0.3057809498808865,0.2975412089419968,1998.9,Low
0.3,0.3016206992708858,0.2983248513308536,2012.1,Low
0.3,0.3057111172877694,0.2993804583529967,1009.2,Low
0.3,0.305665852916827,0.2974261317319806,648.9,Low
0.3,0.3048554547479086,0.2976968980659414,1932.6,Low
0.3,0.3038935532401406,0.2955171121086465,1747.8,Low
0.3,0.3052834414097621,0.2993397325190635,372.6,Low
0.3,0.3019702156216944,0.2975393896565237,341.1,Low
0.3,0.3051389782652836,0.2977481289199565,2042.4,Low
0.3,0.3038218971439299,0.2960131173078742,1709.7,Low
0.3,0.3003754500892257,0.2946388516050532,2248.8,Low
0.3,0.3022792310522136,0.2988849581962723,2460.3,Low
0.3,0.3011444029074045,0.295047353617021,1881.6,Low
0.3,0.305896427521964,0.2962245766043178,2088.3,Low
0.3,0.3030267107501279,0.2995333166441203,1177.5,Low
0.3,0.3031351307833423,0.2953287345287524,2790.3,Low
0.3,0.3039449933434727,0.2966351782117066,2011.5,Low
0.3,0.3024009322549388,0.2951404056998932,749.1,Low
0.3,0.3010803315486079,0.2973694522126441,2684.1,Low
0.3,0.3049860710792072,0.295906634075408,2674.2,Low
0.3,0.3013821330978457,0.2985668160293024,153.6,Low
0.3,0.3032145182005147,0.2986064859239364,2838.3,Low
0.3,0.301578607065156,0.297760504273684,1768.8,Low
0.3,0.300857713561616,0.296739189113932,2185.2,Low
0.3,0.3052144916493036,0.2956157972936978,2310.6,Low
0.3,0.3058456410874318,0.2958992125101977,914.4,Low
0.3,0.305776757550959,0.2950183359899404,2241.6,Low
0.3,0.3054673663455607,0.2972695375800364,2682.6,Low
0.3,0.3047120697963822,0.2944985832496587,1253.4,Low
0.3,0.3021989273665633,0.2990777439726287,647.6999999999999,Low
0.3,0.3007622779229316,0.2986329411398148,288.0,Low
0.3,0.3026212746770587,0.2958028098208473,30.9,Low
0.3,0.3016237346103743,0.2982534957236456,1739.7,Low
0.3,0.3010551795181205,0.2987618338866405,2127.0,Low
0.3,0.3006045349361849,0.2946469856538827,708.3,Low
0.3,0.3044358878760002,0.2993101151750517,2645.4,Low
0.3,0.3003651365141627,0.2940486146876164,2307.6,Low
0.3,0.3046923102664658,0.2947832409251903,651.6,Low
0.3,0.3011375958787821,0.2947509308400918,2240.7,Low
0.3,0.3007532758707445,0.2961163355434891,412.5,Low
0.3,0.30081073729516,0.2984183226249408,1380.0,Low
0.3,0.3041306725019173,0.2951508781380548,2829.0,Low
0.3,0.3016985930961611,0.2993933367785064,335.1,Low
0.3,0.3026970749600765,0.2963819425337973,2078.7,Low
0.3,0.3034770021105463,0.2971967900797122,409.8,Low
0.3,0.3052051416908241,0.2954226810577153,2878.8,Low
0.3,0.3044441522974546,0.2995645216464822,403.5,Low
0.3,0.3018408690598607,0.2974953226286436,1950.6,Low
0.3,0.3010494519559594,0.2969805619112933,1040.7,Low
0.3,0.3006156336264008,0.2988315524147779,1164.9,Low
0.3,0.3020191122165414,0.2973360949353343,1273.8,Low
0.3,0.3017940734506661,0.2945102771894504,2412.9,Low
0.3,0.3029000012307627,0.2970287849220883,2488.8,Low
0.3,0.3041947036126218,0.298264875787585,2868.9,Low
0.3,0.3042650650401415,0.2966656901521194,340.5,Low
0.3,0.3019160574255183,0.2993531981228718,358.5,Low
0.3,0.3024655836486306,0.298022669306247,2795.1,Low
0.3,0.3013325604819003,0.295233270572365,696.3,Low
0.3,0.3047947094201471,0.2960410887735963,2120.1,Low
0.3,0.3006240340356694,0.29956328634595,1822.2,Low
0.3,0.3042728842778324,0.2964517068073804,807.0,Low
0.3,0.3047385637568642,0.2984611615414723,214.8,Low
0.3,0.3047312231025378,0.2941382260497771,1266.9,Low
0.3,0.3017787086167685,0.2952329841245473,1238.4,Low
0.3,0.3024307348862156,0.2989709238344021,351.3,Low
0.3,0.3036493179206194,0.2975023896372183,208.8,Low
0.3,0.3018550848438194,0.2969071731004233,2315.1,Low
0.3,0.3024138609555419,0.2986604812313843,2016.9,Low
0.3,0.3014232093970581,0.2956855820352562,1896.3,Low
0.3,0.3029211785374092,0.2949041410664677,1560.3,Low
0.3,0.3005542901171484,0.2996745518062795,1970.7,Low
0.3,0.3048588365420525,0.2989406266876312,2924.7,Low
0.3,0.3007386517478238,0.2980842618168201,1809.0,Low
0.3,0.3032573603483397,0.2940905717023677,417.0,Low
0.3,0.3020488175674076,0.297394191092549,1004.7,Low
0.3,0.3035919948083388,0.2987295638110353,469.2,Low
0.3,0.3057687700427505,0.2990107154275593,2614.8,Low
0.3,0.3039797503933992,0.2945622698669912,947.1,Low
0.3,0.3005015658838063,0.2950816087186778,1516.2,Low
0.3,0.3027532939051959,0.2961699865383539,2878.2,Low
0.3,0.303207096058214,0.2966237347547046,240.9,Low
0.3,0.3033562117198097,0.2952702235592769,780.6,Low
0.3,0.3041839373104418,0.2978865419316691,486.0,Low
0.3,0.301882297757071,0.2960528284542946,411.6,Low
0.3,0.301034505223158,0.2954999809840657,1337.4,Low
0.3,0.3025382513563184,0.296418802260411,1065.9,Low
0.3,0.3057515126199369,0.2987382278651327,1581.6,Low
0.3,0.3013666460829798,0.2940803426605138,2636.4,Low
0.3,0.3054527085430909,0.2950761852982215,395.7,Low
0.3,0.3033996939154407,0.2969034264235314,1630.5,Low
0.3,0.3029043951033808,0.2961661699991849,741.0,Low
0.3,0.3053276360383103,0.2953675668532096,2427.3,Low
0.3,4.654779121011311,0.2970860644531402,4024.53,Low
4.61,4.678039843290805,4.540650811614846,17955.95,Low
4.61,4.649560627927976,4.537689245428768,34708.69,Low
4.61,4.693795248374195,4.565185542751734,12202.67,Low
4.61,4.67504929151855,4.5889433896840846,18509.15,Low
4.61,4.675889895731803,4.553031581576128,36584.96,Low
4.61,4.643315029972388,4.556839840566723,38622.58,Low
4.61,4.680896241317325,4.561551758059087,33016.82,Low
4.61,4.670322587846615,4.6002588005902165,21284.370000000003,Low
4.61,4.635633375745329,4.5372832398085885,33385.62,Low
4.61,4.628671595461483,4.558204544070232,9229.22,Low
4.61,4.684365929252973,4.567669239295812,530.1500000000001,Low
4.61,4.698623402759855,4.534013590402283,18873.34,Low
4.61,4.654738379879707,4.588144869909787,11548.05,Low
4.61,4.666374303040702,4.581593429841241,3144.0200000000004,Low
4.61,4.689737926404914,4.549356308239548,29762.160000000003,Low
4.61,4.654658202279265,4.57122481651273,24764.92,Low
4.61,4.69798468542578,4.578844160958467,43435.420000000006,Low
4.61,4.665040044283511,4.5830881902444585,13216.87,Low
4.61,4.6865009921022285,4.562844840396199,23031.56,Low
4.61,4.694215621295772,4.537460725355158,15194.56,Low
4.61,4.686041731285939,4.5348514993372415,16010.53,Low
4.61,4.628573112853494,4.53614399991696,25756.070000000003,Low
4.61,4.669695214277415,4.527816332493463,32800.15,Low
4.61,4.649508856712498,4.6009455230542935,21422.67,Low
4.61,4.620103027467725,4.519357625240483,23925.9,Low
4.61,4.651750984943032,4.568036237934237,29706.840000000004,Low
4.61,4.637268137418843,4.588486697165029,7269.97,Low
4.61,4.688977265435254,4.520425704404829,30642.67,Low
4.61,4.617527152239225,4.53311228033928,17817.65,Low
4.61,4.698607296608022,4.523955514046701,42020.15,Low
4.61,4.645736757437657,4.5595669651612285,14069.72,Low
4.61,4.64585395653036,4.539895291392186,30836.29,Low
4.61,4.616040213550066,4.559890144931351,29056.83,Low
4.61,4.630834499367438,4.558139564531255,29577.76,Low
4.61,4.649756319675389,4.522048030527588,13396.660000000002,Low
4.61,4.696006635241544,4.540717311802789,25451.81,Low
4.61,4.623335271738082,4.555745931898229,17766.940000000002,Low
4.61,4.697408961317433,4.5709903181883895,7767.85,Low
4.61,4.690768500390579,4.590996542133764,18186.45,Low
4.61,4.654390084345133,4.59525317649094,10925.7,Low
4.61,4.643225730234082,4.579142242312448,20685.07,Low
4.61,4.634996058283552,4.544707267404166,13189.21,Low
4.61,4.66843096364031,4.588611906122312,12755.87,Low
4.61,4.617507003467339,4.59387523145602,1544.35,Low
4.61,4.615976935184898,4.598579231350922,13133.89,Low
4.61,4.652168217333621,4.531267016802283,7306.85,Low
4.61,4.620572608139446,4.584264183512001,40346.72,Low
4.61,4.636677511160475,4.587797507850712,12636.01,Low
4.61,4.633981484575164,4.57115510971129,28877.04,Low
4.61,4.636787016658185,4.550253303699456,1424.49,Low
4.61,4.626089127702144,4.554039507863804,8948.01,Low
4.61,4.615664252763605,4.524486812695377,11621.81,Low
4.61,4.624725269586383,4.545656061099881,6407.900000000001,Low
4.61,4.668782685930721,4.556166911926952,2982.67,Low
4.61,4.699945101680734,4.543061116532768,22003.53,Low
4.61,4.701354318686719,4.547254459678187,1263.14,Low
4.61,4.650439048213727,4.538166574018823,32648.020000000004,Low
4.61,4.628883178177422,4.555251179257617,10902.65,Low
4.61,4.670559142327735,4.534679399261143,41591.420000000006,Low
4.61,4.657555845304204,4.526553980660713,12267.21,Low
4.61,4.701272402392343,4.544385594511579,41222.62,Low
4.61,4.6203299955044255,4.574066076634112,30458.27,Low
4.61,4.683213504451907,4.580866706343547,24769.53,Low
4.61,4.6398708243812665,4.549578907584089,23395.75,Low
4.61,4.635755856932507,4.55008312177854,44329.76,Low
4.61,4.672638775420547,4.603295673712236,25087.620000000003,Low
4.61,4.63616267437336,4.539950688562501,22031.19,Low
4.61,4.67293260010701,4.585956013698758,3568.1400000000003,Low
4.61,4.6599210530217485,4.60061720669812,28664.980000000003,Low
4.61,4.651755954497096,4.5919712814096085,24124.13,Low
4.61,4.6631951051606535,4.547862561978587,36036.37,Low
4.61,4.639752842629761,4.55957563986943,10446.26,Low
4.61,4.67649887852245,4.531206723210638,4679.150000000001,Low
4.61,4.650947313184927,4.5960833216282895,39309.47,Low
4.61,4.64619018564296,4.532732637453487,11133.15,Low
4.61,4.687192059145937,4.548376101141638,33915.770000000004,Low
4.61,4.695627851817981,4.5865643212497895,11534.22,Low
4.61,4.618639780360619,4.540844437123285,39046.7,Low
4.61,4.634985798301959,4.540456617311009,33251.93,Low
4.61,4.645136811573854,4.595930141215188,43785.780000000006,Low
4.61,4.6859929139280405,4.582051923822671,42992.86,Low
4.61,4.700929194147277,4.549431823065049,38581.09,Low
4.61,4.699482231612077,4.572055465266444,8657.58,Low
4.61,4.693874425586718,4.5383621951776885,6264.990000000001,Low
4.61,4.640585363256959,4.5584380426096605,39323.3,Low
4.61,4.701500264810674,4.530325626215573,26664.24,Low
4.61,4.636456701396135,4.595665231310421,29614.640000000003,Low
4.61,4.623886320106135,4.541121120200018,32136.31,Low
4.61,4.697903939202343,4.564692185021659,17997.440000000002,Low
4.61,4.635055280176451,4.559896546179321,38581.09,Low
4.61,4.67502680233816,4.580510449213719,35082.100000000006,Low
4.61,4.61972143348311,4.581822758368941,26383.03,Low
4.61,4.678612809992576,4.588765083810132,3918.500000000001,Low
4.61,4.6918398733983215,4.572688651664677,40448.14,Low
4.61,4.638472747673864,4.584457054657108,28093.34,Low
4.61,4.647811593527422,4.588771717797002,38627.19,Low
4.61,4.64739460269708,4.521146296014841,27374.18,Low
4.61,4.680196363477941,4.566200982997344,4697.59,Low
4.61,4.635439536373995,4.545993264886417,631.57,Low
4.61,4.629662612945584,4.572618362796312,15425.06,Low
4.61,4.653963455508559,4.555481765979999,25092.230000000003,Low
4.61,4.64127838780218,4.561664887269744,9473.55,Low
4.61,4.688114575218636,4.5517246450859545,17771.550000000003,Low
4.61,4.63543380654071,4.5420861883978185,3443.67,Low
4.61,4.658614292581484,4.547238192668243,23026.95,Low
4.61,4.697170897497542,4.538637364188173,34123.22,Low
4.61,4.670141858345455,4.592575196910966,38682.51,Low
4.61,4.690575879024458,4.597153812403295,30817.85,Low
4.61,4.696962966690584,4.575705798656588,19219.09,Low
4.61,4.680369494252626,4.563186697665951,30550.47,Low
4.61,4.675885779525086,4.585734577454656,30038.76,Low
4.61,4.699394103978865,4.537663263419932,1595.0600000000002,Low
4.61,4.701709565165241,4.5423640948455,13133.89,Low
4.61,4.654185061185045,4.525369622546383,27351.13,Low
4.61,4.620817483871155,4.541540376288246,42324.41,Low
4.61,4.640255829213875,4.596005141608477,33814.350000000006,Low
4.61,4.627954748671188,4.547143103380375,27927.38,Low
4.61,4.651177631568382,4.56929772260984,44431.18,Low
4.61,4.626109632280973,4.582650341670601,15540.31,Low
4.61,4.66752467845419,4.552665074911809,33436.33,Low
4.61,4.648140157901636,4.5789211632427484,27530.92,Low
4.61,4.6930368496048045,4.558892294433613,19804.56,Low
4.61,4.699379135302831,4.554940140816632,7832.39,Low
4.61,4.662511648537225,4.559049028887337,19905.98,Low
4.61,4.638681796484703,4.6044539676909935,37225.75,Low
4.61,4.666483462379349,4.574843958508113,22026.58,Low
4.61,4.693157309848876,4.536153410271481,27641.56,Low
4.61,4.650235773761754,4.57500541052924,5559.660000000001,Low
4.61,4.66296653625545,4.560773449614881,24681.94,Low
4.61,4.638404065914623,4.575028496139843,24211.72,Low
4.61,4.654502353050328,4.587938751683087,1562.7900000000002,Low
4.61,4.6497960885639,4.587893593504428,33570.020000000004,Low
4.61,4.636368535406618,4.539797388981348,30453.660000000003,Low
4.61,4.658918836559259,4.55038762654241,20666.63,Low
4.61,4.641796256547572,4.523751123771018,7408.27,Low
4.61,4.647284123727316,4.568514201836115,9874.62,Low
4.61,4.660592161037051,4.5496330737515605,27424.890000000003,Low
4.61,4.680354618058351,4.564350618552176,16503.800000000003,Low
4.61,4.6438219189286585,4.5638777817154,700.72,Low
4.61,4.695557066368313,4.53058048677112,14544.55,Low
4.61,4.690140481517356,4.565597622675068,11312.94,Low
4.61,4.618874783024498,4.524091869932707,820.58,Low
4.61,4.636826548699656,4.551039769346438,16153.44,Low
4.61,4.65368700955382,4.597907686178658,33676.05,Low
4.61,4.623774356774954,4.599435376383101,5628.81,Low
4.61,4.6451330118794445,4.51934909814073,11986.0,Low
4.61,4.6794351422688525,4.570410111376338,30545.86,Low
4.61,4.6742162634033,4.553934480918209,14807.320000000002,Low
4.61,4.669124652098097,4.567587376157588,1691.87,Low
4.61,4.676845182794451,4.591472260952258,16443.870000000003,Low
4.61,4.632559265740801,4.594392926329769,29895.85,Low
4.61,4.644539337881002,4.586759943991581,34690.25,Low
4.61,4.673842079022683,4.552368461114403,28660.370000000003,Low
4.61,4.691622172893914,4.557519123081757,5601.150000000001,Low
4.61,4.662230760734803,4.576608939216025,32173.19,Low
4.61,4.63937166242632,4.601520778343962,42301.36,Low
4.61,4.617258306248744,4.577008383090671,18412.34,Low
4.61,4.676828402849852,4.570502611881286,13544.18,Low
4.61,4.615300568626305,4.539134840852805,26567.43,Low
4.61,4.647252959725621,4.540793777360271,18287.870000000003,Low
4.61,4.661079754623555,4.585996864824409,23483.34,Low
4.61,4.69537774293619,4.585448038544824,29029.17,Low
4.61,4.622448827199432,4.5503937431491055,11239.18,Low
4.61,4.650166487981203,4.548300909731647,17352.04,Low
4.61,4.616739593162613,4.556243007843984,9487.38,Low
4.61,4.6446192961184805,4.595582426797089,18905.61,Low
4.61,4.669111218443778,4.580363772202381,12935.660000000002,Low
4.61,4.639053561585343,4.602613115708125,6684.500000000001,Low
4.61,4.632981998090337,4.53868196862287,1668.8200000000002,Low
4.61,4.62474444620712,4.534748364797145,30177.06,Low
4.61,4.665161713973743,4.524765104297571,10898.04,Low
4.61,4.675508699817192,4.597689475505386,38687.12,Low
4.61,4.673466725944788,4.526014807164294,24815.63,Low
4.61,4.69772073680491,4.5249451347150496,23483.34,Low
4.61,4.614846774504932,4.518000932122865,3392.96,Low
4.61,4.6712979549145786,4.537254740325,42043.2,Low
4.61,4.667198356047383,4.5823855519762,18449.22,Low
4.61,4.666177702437298,4.582217288601319,42891.44,Low
4.61,4.698939052314807,4.54510908368147,4803.62,Low
4.61,4.616087789870482,4.54585221616501,18499.93,Low
4.61,4.67561489610514,4.5475517653198425,45602.12,Low
4.61,4.685880112927387,4.574460143150816,4273.47,Low
4.61,4.659264012352085,4.559860956395415,12852.68,Low
4.61,4.643861982927985,4.57898183580267,34874.65,Low
4.61,4.683879689897089,4.553117101236685,19246.75,Low
4.61,4.623127507856144,4.537735293294436,13728.580000000002,Low
4.61,4.6533279015087645,4.544191192858043,24225.550000000003,Low
4.61,4.66015262848866,4.567506858295534,18103.47,Low
4.61,4.675393642033757,4.559429039351479,16536.07,Low
4.61,4.622570681268719,4.537733863877607,16706.64,Low
4.61,4.634559454739702,4.584994413687258,11414.36,Low
4.61,4.650548313876028,4.586006455713455,35460.12,Low
4.61,4.669204380409834,4.562910005037415,36820.07,Low
4.61,4.692298894826834,4.562108585867397,3356.0800000000004,Low
4.61,4.668812984076262,4.603334022008635,44108.48,Low
4.61,4.626299890239191,4.55441732017574,28655.76,Low
4.61,4.700499013830839,4.568800027944794,14240.29,Low
4.61,4.6909697125072345,4.554904901640309,25922.03,Low
4.61,4.65864331146872,4.525260594399677,9657.95,Low
4.61,4.695398459725567,4.576212187106592,29918.9,Low
4.61,4.662029543725188,4.595944658402322,32394.47,Low
4.61,4.695482378486412,4.5873010280489215,22639.710000000003,Low
4.61,4.687300710515967,4.578540419097469,40812.33,Low
4.61,4.699422206677677,4.529758654295469,17024.73,Low
4.61,4.695173776396059,4.557296582753759,37207.310000000005,Low
4.61,4.617766202068569,4.518230761795162,38244.560000000005,Low
4.61,4.629918279844458,4.580424045723771,26175.58,Low
4.61,4.648694306367292,4.599370218176149,5402.92,Low
4.61,4.698008178856106,4.579008931142772,38313.71,Low
4.61,4.640889533056897,4.518448609866882,31320.340000000004,Low
4.61,4.628665360928116,4.540301944160587,12801.97,Low
4.61,4.692241425702522,4.525239776384176,43578.33,Low
4.61,4.653709686852174,4.553287549774432,28125.61,Low
4.61,4.694130823309496,4.581270915381231,22547.51,Low
4.61,4.628644586544982,4.521791355517124,29762.160000000003,Low
4.61,4.672517282832994,4.585318186336492,6901.17,Low
4.61,4.653172702110336,4.570606781759066,17619.420000000002,Low
4.61,4.621309476099363,4.579692161983167,32832.420000000006,Low
4.61,4.675613206840113,4.549029421876778,22063.460000000003,Low
4.61,4.636279656997675,4.568776528103367,3231.61,Low
4.61,4.61807992362274,4.521556892031104,13617.94,Low
4.61,4.61986052108368,4.520653675304952,26963.890000000003,Low
4.61,4.619959869061681,4.596901301162122,40208.420000000006,Low
4.61,4.694118329746115,4.524077304424536,16181.1,Low
4.61,4.679416432362651,4.5354935290311245,23815.26,Low
4.61,4.693271281868351,4.542996363969052,28342.28,Low
4.61,4.673521484646463,4.573613575893257,11893.8,Low
4.61,4.660939848383816,4.545867581360226,44869.130000000005,Low
4.61,4.641276457053187,4.53438372705288,4434.820000000001,Low
4.61,4.70202151359388,4.5326530965016,34708.69,Low
4.61,4.646334139672501,4.534812113575318,41199.57,Low
4.61,4.655834141461646,4.577359133746668,17218.350000000002,Low
4.61,4.647740494871546,4.5891847120285885,16572.95,Low
4.61,4.700406763740493,4.557760717038939,45966.310000000005,Low
4.61,4.629908327976749,4.583122342828983,41319.43,Low
4.61,4.643338468999539,4.536633147879593,34344.5,Low
4.61,4.674201739656255,4.601477355880387,14438.52,Low
4.61,4.620146355290281,4.56812846531094,28651.15,Low
4.61,4.667798972669671,4.537193474537903,7707.920000000001,Low
4.61,4.656447057186945,4.598333828072963,37018.3,Low
4.61,4.639485557964592,4.545217496664412,45611.34,Low
4.61,4.635492619276138,4.585151169363401,6592.3,Low
4.61,4.659676171185539,4.594231568929743,6675.280000000001,Low
4.61,4.6468367767792405,4.578422190407002,18020.49,Low
4.61,4.654596577275696,4.603696338038191,37654.48,Low
4.61,4.64416964386873,4.550206329462648,25092.230000000003,Low
4.61,4.699615542622071,4.576230510947657,36492.76,Low
4.61,4.626297959826598,4.518350836039176,42997.47,Low
4.61,4.623089058258895,4.596820251601032,37898.810000000005,Low
4.61,4.644687681524797,4.527007086278996,29997.27,Low
4.61,4.666378046247247,4.56177388079232,45440.77,Low
4.61,4.672347267169345,4.595080594014643,19117.67,Low
4.61,4.649405718484449,4.530402682088786,34243.08,Low
4.61,4.702136759487644,4.595663519079735,32993.770000000004,Low
4.61,4.64543230753655,4.548819185597972,12281.04,Low
4.61,4.6777980100466126,4.583911393691015,2401.81,Low
4.61,4.670455868213953,4.566051794302968,3743.32,Low
4.61,4.685825387881845,4.555199184938699,43919.47,Low
4.61,4.70011760586192,4.524835626494718,40300.62,Low
4.61,4.692547026368065,4.5804694397188905,16609.83,Low
4.61,4.681577983333992,4.571431808392587,42057.030000000006,Low
4.61,4.675769584172104,4.587907406436398,31384.88,Low
4.61,4.643996284681912,4.5752921809616645,8708.29,Low
4.61,4.627545779795126,4.59437014199232,26807.15,Low
4.61,4.620096287508009,4.557383375331624,3900.06,Low
4.61,4.635798170271008,4.5564069029482175,31467.86,Low
4.61,4.65247353493667,4.550788746998888,11156.2,Low
4.61,4.66033165360725,4.585213435067517,40660.2,Low
4.61,4.682324388499667,4.567519968366505,13751.63,Low
4.61,4.698586117450527,4.601761226228594,18532.2,Low
4.61,4.624886100876906,4.601863916732457,686.8900000000001,Low
4.61,4.623982492639574,4.578284148233791,24114.91,Low
4.61,4.6662613607887575,4.562545968906622,17499.56,Low
4.61,4.679899417297044,4.544692405749164,31813.61,Low
4.61,4.688899491814593,4.53893779119937,44910.62,Low
4.61,4.696579531906189,4.570198003957778,27046.870000000003,Low
4.61,4.70074830455961,4.539206433532465,37917.25,Low
4.61,4.6496286302219465,4.541659164706525,26678.070000000003,Low
4.61,4.64792355872518,4.549991587402536,45081.19,Low
4.61,4.627556561991915,4.592984649220986,10201.93,Low
4.61,4.674603407484294,4.580230299040547,33768.25,Low
4.61,4.6721357799398335,4.558627735313134,11815.43,Low
4.61,4.690118062770607,4.534097701923001,35432.46,Low
4.61,4.623128827763449,4.570063742782358,16397.77,Low
4.61,4.658210279356423,4.520684667474525,17462.68,Low
4.61,4.665506966219976,4.547107564096681,5568.88,Low
4.61,4.635767981137096,4.5779694567460005,18850.29,Low
4.61,4.6294149353228535,4.556213988918289,5702.570000000001,Low
4.61,4.689900685461995,4.572537296239891,40014.8,Low
4.61,4.619737073838613,4.5255095715629805,44823.030000000006,Low
4.61,4.655831684974184,4.60115526927742,7555.790000000001,Low
4.61,4.624755900173945,4.585339288286884,16084.29,Low
4.61,4.654643776905014,4.596931737554006,33777.47,Low
4.61,4.700444900164323,4.534825771182246,26180.19,Low
4.61,4.651722439499165,4.588653355139434,35695.23,Low
4.61,4.689685571524226,4.54032399789978,11663.3,Low
4.61,4.624885670266806,4.5561997630803495,42591.79,Low
4.61,4.638368969403572,4.532671381853101,38604.14,Low
4.61,4.649978206155053,4.518242435248177,45122.68,Low
4.61,4.6496295453434175,4.591880399865525,1982.3,Low
4.61,4.673416478896719,4.592214945936693,13521.13,Low
4.61,4.644803860776821,4.549663881430568,36838.51,Low
4.61,4.677128840004034,4.60221009996854,10118.95,Low
4.61,4.670596380503153,4.533792361742084,41042.83,Low
4.61,4.649572524712866,4.572400164426892,18393.9,Low
4.61,4.652427869581243,4.570447307618893,10736.69,Low
4.61,4.6684364812263865,4.5552845072540045,26069.550000000003,Low
4.61,4.62074499543477,4.575425864722712,19191.43,Low
4.61,4.686644606212575,4.579092395335585,19228.31,Low
4.61,4.671843159501944,4.587436746121298,38700.95,Low
4.61,4.678230336458359,4.542428427415527,45652.83,Low
4.61,4.661639085664807,4.538067225796205,40305.23,Low
4.61,4.624286690151767,4.552126287655535,33772.86,Low
4.61,4.65008706936868,4.5847157993377845,34764.01,Low
4.61,4.6501166721217055,4.544536064162044,18375.460000000003,Low
4.61,4.642730155497886,4.591563138410795,44426.57,Low
4.61,4.617233348958408,4.528461239177999,9745.54,Low
4.61,4.6791860991090255,4.566296300540957,29849.750000000004,Low
4.61,4.624226020681695,4.563709311016618,41711.280000000006,Low
4.61,4.667716529373419,4.5875086599984805,31099.06,Low
4.61,4.676204820515564,4.551477380899969,18707.38,Low
4.61,4.6702109340257625,4.51910956817665,35792.04,Low
4.61,4.698621269850751,4.553790688515162,15512.65,Low
4.61,4.623657885403908,4.548251087912612,1327.68,Low
4.61,4.690565171466025,4.580121233955706,26318.49,Low
4.61,4.6171667726704175,4.576848675169573,4771.35,Low
4.61,4.661463367323064,4.588191213865723,32228.51,Low
4.61,4.6500176984953,4.560316039552364,39604.51,Low
4.61,4.66052326433189,4.592428906830211,22805.67,Low
4.61,4.646589098231687,4.551217225015249,15812.3,Low
4.61,4.631301756079601,4.564633477461111,38410.52,Low
4.61,4.616284974587532,4.5507065212893965,30684.160000000003,Low
4.61,4.659994742189969,4.599195560782375,31845.88,Low
4.61,4.688428825402566,4.527955441053017,3005.7200000000003,Low
4.61,4.647299985563687,4.5722300570848855,5840.870000000001,Low
4.61,4.634130641819932,4.587264882293044,29494.78,Low
4.61,4.621663798184099,4.561526354446404,36690.990000000005,Low
4.61,4.622082383755967,4.5239469876603575,2945.7900000000004,Low
4.61,4.634002114730785,4.544577476406846,35538.490000000005,Low
4.61,4.62337023159612,4.575601804174731,17504.170000000002,Low
4.61,4.637824827179745,4.578776343687159,5896.1900000000005,Low
4.61,4.620404031386824,4.547467910470061,16582.170000000002,Low
4.61,4.620356330318917,4.597611600136562,22718.08,Low
4.61,4.68961123057316,4.573383722117087,6103.64,Low
4.61,4.6288101136354864,4.5634626129337565,21164.51,Low
4.61,4.663632581926076,4.538776274170395,20758.83,Low
4.61,4.682356971138291,4.576877938502033,10123.56,Low
4.61,4.654586913828049,4.536005421336583,41844.97,Low
4.61,4.628043580011701,4.536834402695885,31596.94,Low
4.61,4.6320926260883,4.603685217399411,30882.390000000003,Low
4.61,4.652535086628169,4.588711714474947,4997.240000000001,Low
4.61,4.660878023871149,4.5481591951311815,40051.68,Low
4.61,4.645217475180532,4.5619416759379465,28563.56,Low
4.61,4.683059798184554,4.602969334595069,42462.71000000001,Low
4.61,4.6803919862233325,4.573888354511596,1147.89,Low
4.61,4.695824482207812,4.5505784903998805,36801.630000000005,Low
4.61,4.617145953769271,4.518528193500367,29139.81,Low
4.61,4.693063600197102,4.587269862967212,11856.92,Low
4.61,4.6489951001814,4.592013342207522,6103.64,Low
4.61,4.691546646870334,4.573474966415241,25142.94,Low
4.61,4.675115838543551,4.557135562809448,13281.410000000002,Low
4.61,4.701091877632109,4.54718650473342,27692.27,Low
4.61,4.681115549945863,4.573786235433407,43038.96000000001,Low
4.61,4.646540463791059,4.585380796901896,9736.320000000002,Low
4.61,13.672338309840628,4.604932392140559,62035.05,Low
13.53,13.64028836012581,13.469311279955804,100663.2,Low
13.53,13.63733788568598,13.49074665949228,116858.61,Low
13.53,13.610600719655888,13.45423081688809,68191.2,Low
13.53,13.67102908383166,13.433545780323708,90975.72,Low
13.53,13.71878488767898,13.496228719149668,134664.09,Low
13.53,13.61482586354444,13.412139179353003,12975.27,Low
13.53,13.67833231803362,13.473378363680387,94777.65,Low
13.53,13.573704952222426,13.36701784348706,54566.49,Low
13.53,13.584621427891603,13.419329052932666,106819.35,Low
13.53,13.555562509605862,13.352034643463492,100189.65,Low
13.53,13.793075931993046,13.31694399164648,55486.53,Low
13.53,13.544522380562745,13.494695401121636,85441.95,Low
13.53,13.58943755238858,13.41814620658773,112136.64,Low
13.53,13.701079656223785,13.265113334436476,96644.79,Low
13.53,13.564447682777216,13.5158762721418,25964.07,Low
13.53,13.770239134051105,13.398497747489255,49858.05,Low
13.53,13.728522753976517,13.39592742047671,130672.74,Low
13.53,13.79195986995754,13.304715899186684,11757.57,Low
13.53,13.674027870129184,13.441861369066205,43282.47,Low
13.53,13.620754774829551,13.31697580088257,92152.83,Low
13.53,13.68479011224848,13.515904388785636,70247.76,Low
13.53,13.78281556765579,13.390312892933204,43769.55,Low
13.53,13.677402142671763,13.434382282073164,133960.53,Low
13.53,13.612220911680843,13.308717457982366,76796.28,Low
13.53,13.769082906732988,13.412884343040853,134582.91,Low
13.53,13.639139152680098,13.498506354670251,88662.09,Low
13.53,13.543885617784245,13.334364962916672,109146.51,Low
13.53,13.6072023887321,13.513070766593032,126356.67,Low
13.53,13.625338288204146,13.430501540170017,57664.86,Low
13.53,13.764295923758375,13.388364307477172,93167.58,Low
13.53,13.661397409157772,13.32579027837606,87254.97,Low
13.53,13.657820054077652,13.43599065990541,94236.45,Low
13.53,13.629931809623418,13.489709667378833,11906.4,Low
13.53,13.769925925091712,13.304321302090614,93952.32,Low
13.53,13.786468033548063,13.5139448882387,3490.74,Low
13.53,13.79851524691578,13.292014179780788,29251.86,Low
13.53,13.64037887749766,13.489092677611218,7400.91,Low
13.53,13.791897523847377,13.484156055614196,111176.01,Low
13.53,13.747098480965017,13.473737545843628,44824.89,Low
13.53,13.717229409184911,13.478335462553916,22798.05,Low
13.53,13.606483738474523,13.31215614916762,128683.83,Low
13.53,13.599174668070926,13.307991020637637,52929.36,Low
13.53,13.586215914249676,13.4729048646932,28954.2,Low
13.53,13.780743041790632,13.48754509525523,81328.83,Low
13.53,13.61912828759884,13.369302404423925,43255.41,Low
13.53,13.660006937677542,13.336596332472322,7942.11,Low
13.53,13.670511740383096,13.372757623831385,65864.04,Low
13.53,13.743574572042396,13.50935176602371,134352.9,Low
13.53,13.760557481566437,13.319531692929516,29170.68,Low
13.53,13.579281419284271,13.332873121189694,122013.54,Low
13.53,13.653274303879462,13.332084081003355,98403.69,Low
13.53,13.76020270601586,13.463201695227676,28764.78,Low
13.53,13.753821821910654,13.498402424334474,94290.57,Low
13.53,13.569857504885364,13.26009809337157,32702.01,Low
13.53,13.583731467493486,13.393642665419351,2205.39,Low
13.53,13.62173035764946,13.329774778195654,23474.55,Low
13.53,13.562902555889254,13.49168398453161,87052.01999999999,Low
13.53,13.652698118140233,13.386667062921155,69327.72,Low
13.53,13.571195283462805,13.386881871996827,52279.92,Low
13.53,13.689601696804706,13.48488689049135,130672.74,Low
13.53,13.606912392517254,13.426082222768576,69273.59999999999,Low
13.53,13.696855048109429,13.287301519556456,51562.83,Low
13.53,13.573742317021235,13.33903644892083,44811.36,Low
13.53,13.794400466054354,13.328379387477533,11026.95,Low
13.53,13.783263508675605,13.290688300335026,122297.67,Low
13.53,13.644249238996816,13.436704881084294,58923.15,Low
13.53,13.605786851191992,13.313398915285145,63780.42,Low
13.53,13.607899868578269,13.49165279059735,25950.54,Low
13.53,13.66779597609448,13.367999547502466,62738.61,Low
13.53,13.553810949584616,13.379156554014592,35516.25,Low
13.53,13.707978991618733,13.40562342111505,86794.95,Low
13.53,13.648492428646898,13.462698885215264,11919.93,Low
13.53,13.640549907615425,13.406565758956113,134258.19,Low
13.53,13.751593453220728,13.29943013334271,43106.58,Low
13.53,13.725801745749315,13.328628083623038,91557.51,Low
13.53,13.788860593923,13.40320412693307,80259.95999999999,Low
13.53,13.634002249344226,13.267731977786378,101596.77,Low
13.53,13.77426131850842,13.314595007229627,110147.73,Low
13.53,13.741465464569307,13.505091922978044,77783.97,Low
13.53,13.635413155185452,13.323478161884578,17643.12,Low
13.53,13.70334153374904,13.33175549298096,47693.25,Low
13.53,13.61771267901352,13.503816846173676,63374.52,Low
13.53,13.768311986682429,13.278279923724694,35922.15,Low
13.53,13.572431690435767,13.396408319419844,31917.27,Low
13.53,13.59814050125786,13.454997494101333,58381.95,Low
13.53,13.590582368394989,13.401244595908324,49641.57,Low
13.53,13.647135894438067,13.30213005540229,10891.65,Low
13.53,13.73510703703546,13.45207246896246,123055.35,Low
13.53,13.678982097927843,13.28148416566306,112163.7,Low
13.53,13.668896952491966,13.499827337365192,50169.24,Low
13.53,13.54367035119607,13.493498974369851,2530.11,Low
13.53,13.652888021537024,13.362401764295608,50805.15,Low
13.53,13.559867768897131,13.385416496767604,46259.07,Low
13.53,13.597065663522873,13.34384618919945,50832.21,Low
13.53,13.783220509888572,13.50530135519814,36260.4,Low
13.53,13.598902416390516,13.449569494225225,70356.0,Low
13.53,13.764182856763709,13.335712596757908,75903.3,Low
13.53,13.74992979902727,13.427934688830453,23704.56,Low
13.53,13.58444172313074,13.438152423207224,61723.86,Low
13.53,13.69924037285547,13.305729936145177,70883.67,Low
13.53,13.573263197410622,13.31182606869287,77134.53,Low
13.53,13.73064820887205,13.324955179415184,57001.89,Low
13.53,13.707402427644071,13.355126334306952,34082.07,Low
13.53,13.752255046053907,13.271121069661762,122324.73,Low
13.53,13.66676538611148,13.51105687809244,44446.05,Low
13.53,13.778713853989329,13.477230038382372,82424.76,Low
13.53,13.556216133750905,13.398246520234164,107834.1,Low
13.53,13.618822863411497,13.44431306194269,118171.02,Low
13.53,13.72734857123037,13.441056113588624,27222.36,Low
13.53,13.651013335064055,13.264465238907432,109904.19,Low
13.53,13.587990604642489,13.505102239965767,116993.91,Low
13.53,13.571090666327317,13.509812433906308,101962.08,Low
13.53,13.753643365383438,13.276072312012236,41861.82,Low
13.53,13.665160865474162,13.47531565316268,18982.59,Low
13.53,13.770338663540246,13.505421830039689,100338.48,Low
13.53,13.7320366377588,13.398591765092736,76728.62999999999,Low
13.53,13.648858315681496,13.289762391078629,1867.14,Low
13.53,13.639548476409,13.43778993793865,40955.31,Low
13.53,13.676085149773636,13.276816119617466,110526.57,Low
13.53,13.772080642166484,13.294033459282526,6534.99,Low
13.53,13.73306220448712,13.444382974865867,39994.68,Low
13.53,13.544854672524636,13.404531646837864,76430.97,Low
13.53,13.72197715885146,13.279004655132294,79894.65,Low
13.53,13.779907769093278,13.484776667736435,101732.07,Low
13.53,13.72616686209582,13.500559079988458,55757.13,Low
13.53,13.589032876267556,13.467955852028943,65904.62999999999,Low
13.53,13.667828005017777,13.458469539259015,39237.0,Low
13.53,13.579601038727573,13.470354466418328,125355.45,Low
13.53,13.635816916202767,13.508317778936515,39642.9,Low
13.53,13.78443467797165,13.331981419743029,13949.429999999998,Low
13.53,13.780884095414116,13.474837013171951,134582.91,Low
13.53,13.616238869588908,13.399403160203972,46705.56,Low
13.53,13.630838952523805,13.485521764713983,112677.84,Low
13.53,13.697826722010513,13.422506259236805,102679.17,Low
13.53,13.791139128692585,13.41429299758586,99513.15,Low
13.53,13.581525288948187,13.281768695205786,36165.69,Low
13.53,13.60957556159253,13.335154221651536,41807.7,Low
13.53,13.768095253591635,13.283528031437864,98187.21,Low
13.53,13.669980736005265,13.390738006051782,70383.06,Low
13.53,13.774625927978802,13.472937342190182,132945.78,Low
13.53,13.59122108591628,13.411165582033547,74631.48,Low
13.53,13.68046311378126,13.363853071089038,93925.26,Low
13.53,13.627404134465174,13.37733210549895,26112.9,Low
13.53,13.624903595871558,13.286056747170065,88080.3,Low
13.53,13.658408661121648,13.36418743992326,26924.7,Low
13.53,13.654861219840464,13.450497914770326,28074.75,Low
13.53,13.635393162358811,13.271588632274836,44337.81,Low
13.53,13.778741535925034,13.471758799928974,109944.78,Low
13.53,13.731639477749232,13.393992015327523,117792.18,Low
13.53,13.730560505061597,13.28828168279022,2773.65,Low
13.53,13.618058050486605,13.33397039239921,38344.02,Low
13.53,13.692041761709133,13.37883923942281,74834.43,Low
13.53,13.7438336569189,13.339650042395812,91963.41,Low
13.53,13.748052416041403,13.403926425034472,54444.72,Low
13.53,13.632098445546111,13.414463111817073,9579.24,Low
13.53,13.7416982595311,13.355071674960186,84806.04,Low
13.53,13.732706244052364,13.327007293777145,112989.03,Low
13.53,13.579907072258822,13.27547709985027,67731.18,Low
13.53,13.766138601604382,13.301419236149554,75389.16,Low
13.53,13.656980510339276,13.269504777390978,72277.26,Low
13.53,13.66857153409581,13.486679154266598,15532.44,Low
13.53,13.658792264819308,13.262106056134702,36815.13,Low
13.53,13.689506171599822,13.464978419700698,124841.31,Low
13.53,13.70321397842065,13.495672028472733,32769.66,Low
13.53,13.67159702097068,13.347623724032603,101150.28,Low
13.53,13.766355330815614,13.34333662291988,34866.81,Low
13.53,13.704901773775122,13.266129512042802,92937.57,Low
13.53,13.64672508292797,13.318262941098489,111460.14,Low
13.53,13.650648949948522,13.41552932276604,66702.9,Low
13.53,13.7519722827912,13.362200901388633,116466.24,Low
13.53,13.633039702721849,13.3597975709522,96563.61,Low
13.53,13.597888684351783,13.319703805681948,131660.43,Low
13.53,13.558795636140646,13.367087127446052,102733.29,Low
13.53,13.76873022179494,13.417127694437388,39615.84,Low
13.53,13.779660736207502,13.341287565871887,122432.97,Low
13.53,13.574409295228763,13.4547471059391,95751.81,Low
13.53,13.629513164726406,13.426610862124424,96441.84,Low
13.53,13.588612897910282,13.498055787256712,62481.53999999999,Low
13.53,13.573324019381069,13.306641710697464,98579.58,Low
13.53,13.774858743623016,13.498218263351951,58869.03,Low
13.53,13.558151437008496,13.439658302961922,123285.36,Low
13.53,13.795583449507976,13.278517547199217,84873.69,Low
13.53,13.568324622759476,13.372662552379234,135015.87,Low
13.53,13.765502399788195,13.460459609061685,103802.16,Low
13.53,13.689161724923704,13.261228496374368,59518.47,Low
13.53,13.63811054859334,13.290060872020488,55107.69,Low
13.53,13.631535954759029,13.498942897304133,59139.63,Low
13.53,13.738225600302115,13.45727061902574,126072.54,Low
13.53,13.624397356946751,13.35136406927746,108984.15,Low
13.53,13.712506973894769,13.465363672429248,42484.2,Low
13.53,13.67651901628948,13.378377668666287,129739.17,Low
13.53,13.668200118400785,13.47383217424159,116317.41,Low
13.53,13.77519175920878,13.343537594834626,61859.16,Low
13.53,13.68611260521951,13.379905131404692,7319.73,Low
13.53,13.756091312295728,13.267258053137695,49817.46,Low
13.53,13.730053188411468,13.48207062074029,68218.26,Low
13.53,13.553441911244388,13.38003748847892,64538.1,Low
13.53,13.742273401197568,13.436335139691558,104613.96,Low
13.53,13.599280835190903,13.358966099717266,87052.01999999999,Low
13.53,13.775702679716137,13.464219098206184,45027.84,Low
13.53,13.554564521679811,13.278579360222748,134921.16,Low
13.53,13.629152827902312,13.40389343846513,17480.76,Low
13.53,13.569168348745636,13.405474531122998,131403.36,Low
13.53,13.665789694329,13.314329421155646,33906.18,Low
13.53,13.754333167589037,13.283174278405372,34785.63,Low
13.53,13.620185024548585,13.389484164984305,25585.23,Low
13.53,13.582330834051753,13.31819467807746,58625.49,Low
13.53,13.6284317468666,13.479467096514972,60573.81,Low
13.53,13.752754168083538,13.451583189763523,66080.52,Low
13.53,13.579618504031476,13.338322980057038,14531.22,Low
13.53,13.601978064784356,13.2782311207291,113746.71,Low
13.53,13.561229774512311,13.486339148082452,60857.94,Low
13.53,13.724946881008409,13.481923084119291,11514.03,Low
13.53,13.645132609915883,13.265768334142752,10133.97,Low
13.53,13.623437632924231,13.493015869140905,100906.74,Low
13.53,13.728267286165,13.505442751685196,132458.69999999998,Low
13.53,13.62989974680941,13.37977191298774,61750.92,Low
13.53,13.730618161205228,13.45878058172321,57894.87,Low
13.53,13.75309330855345,13.439959138245626,124408.35,Low
13.53,13.59948458716768,13.357628068242503,101109.69,Low
13.53,13.793869572398195,13.426175078526176,50737.5,Low
13.53,13.58526735766991,13.260517171036724,40481.76,Low
13.53,13.618296471874247,13.457801219431186,82884.78,Low
13.53,13.58974997541458,13.294033651596592,84413.67,Low
13.53,13.63234913907952,13.29147648269666,28074.75,Low
13.53,13.666939252432082,13.403979664404227,50805.15,Low
13.53,13.677765750644374,13.26008475469085,100054.35,Low
13.53,13.762966505293102,13.443770526902773,15870.69,Low
13.53,13.772180373919294,13.493060245070176,42321.84,Low
13.53,13.600112099490948,13.370661187903076,87254.97,Low
13.53,13.703657368853992,13.514549230891424,18509.04,Low
13.53,13.57219229144978,13.394576723530903,26911.17,Low
13.53,13.661517381957005,13.301352849354242,51021.63,Low
13.53,13.626392282625645,13.408575902017388,61723.86,Low
13.53,13.624892846633758,13.464029681692486,41861.82,Low
13.53,13.66758793101693,13.450748627615503,102273.27,Low
13.53,13.731146790265509,13.281557318990458,125815.47,Low
13.53,13.56131478609576,13.346234980149267,91381.62,Low
13.53,13.7695390899193,13.47500155853668,10215.15,Low
13.53,13.73242857704428,13.397396857045123,64362.21,Low
13.53,13.588902697901707,13.358476373544692,27290.01,Low
13.53,13.78496009489909,13.386613554604518,19009.65,Low
13.53,13.673687683429693,13.314647203906087,23596.32,Low
13.53,13.800550791176528,13.514852399178322,80530.56,Low
13.53,13.594239493058488,13.444216787565406,84603.09,Low
13.53,13.68103885055837,13.368759965645834,2760.12,Low
13.53,13.61814406430088,13.377935040298318,79231.68,Low
13.53,13.621723896398054,13.489714103771592,128007.33,Low
13.53,13.695475177450993,13.471427194569497,20064.99,Low
13.53,13.780476320520483,13.322906901062048,82857.72,Low
13.53,13.750539179353735,13.37899269536524,130523.91,Low
13.53,13.729633615312736,13.351953587943616,11026.95,Low
13.53,13.687276804164885,13.306507506576397,124949.55,Low
13.53,13.78062527633779,13.366385674900815,61696.8,Low
13.53,13.670101346818024,13.435763023477566,132607.53,Low
13.53,13.768166038084509,13.381958047013883,9836.31,Low
13.53,13.757921661191366,13.482950206849912,16141.29,Low
13.53,13.598500652602285,13.446527105841358,108077.64,Low
13.53,13.741788929764647,13.348055627434904,96861.27,Low
13.53,13.546658839315404,13.505901594936477,19429.08,Low
13.53,13.626519789217486,13.516251250373124,111094.83,Low
13.53,13.60254490300696,13.288430292081326,82302.98999999999,Low
13.53,13.673829260738334,13.268569991460245,30050.13,Low
13.53,13.732952842273278,13.28366415284312,132188.1,Low
13.53,13.568639663779788,13.46108129586172,26031.72,Low
13.53,13.675901050451886,13.322470118431797,29941.89,Low
13.53,13.784767578416975,13.39912577107722,31376.07,Low
13.53,13.602308168861184,13.498232459927165,85171.34999999999,Low
13.53,13.717602673916724,13.312102911678306,113449.05,Low
13.53,13.695941731209713,13.308712515299652,30334.26,Low
13.53,13.546117074242312,13.33087124223295,56420.1,Low
13.53,13.665850640169015,13.260286698717136,54079.41,Low
13.53,13.725733604399217,13.26142644811772,73075.53,Low
13.53,13.554834764310431,13.470346397142842,8550.96,Low
13.53,13.769628587640913,13.311993317948168,134447.61,Low
13.53,13.67722732977453,13.346849019234396,77472.78,Low
13.53,13.551412035693092,13.32971688751682,14788.29,Low
13.53,13.601220007216488,13.261739207963087,107766.45,Low
13.53,13.788691411280569,13.301400289335518,58950.21,Low
13.53,13.69322693377569,13.415822649502614,106643.46,Low
13.53,13.571157972996325,13.275475712955124,48126.21,Low
13.53,13.617449065201264,13.291491211048392,40887.66,Low
13.53,13.660934801099954,13.334918534321735,109958.31,Low
13.53,13.548915634306656,13.27560586427931,101136.75,Low
13.53,13.649344000084689,13.397635082565795,29535.99,Low
13.53,13.669355131411198,13.333113220461032,69909.51,Low
13.53,13.606172271398544,13.51541927914552,97835.43,Low
13.53,13.69485142780506,13.370304861277818,113652.0,Low
13.53,13.73716543754356,13.330431251776922,111730.74,Low
13.53,13.604155903990836,13.41800913536605,36544.53,Low
13.53,13.703041909364975,13.293354249258348,60046.14,Low
13.53,13.70795768999869,13.391773618776208,98092.5,Low
13.53,13.787371255211191,13.443834522954475,121039.38,Low
13.53,13.743601454326896,13.375224167199685,101434.41,Low
13.53,13.761614118504918,13.283689061602924,37911.06,Low
13.53,13.66960224586171,13.341032870126847,133622.28,Low
13.53,13.591177561254788,13.272233101442678,12839.97,Low
13.53,13.799524237361132,13.401400512744171,97848.96,Low
13.53,13.57678348549022,13.347194676983046,40833.54,Low
13.53,13.6647275330864,13.354928851952454,71939.01,Low
13.53,13.561034693022169,13.454998605315572,81640.01999999999,Low
13.53,13.786165739899175,13.32506197593661,46800.27,Low
13.53,13.791583254543909,13.498991377918042,76417.44,Low
13.53,13.72846334616936,13.368622827396347,106508.16,Low
13.53,13.633502660312008,13.470707694651171,61967.4,Low
13.53,13.608924083855303,13.4680525211864,62102.7,Low
13.53,13.611731525638737,13.264584704993664,117683.94,Low
13.53,13.576253475114738,13.417621271591017,97957.2,Low
13.53,13.678699707567432,13.382893488023935,20484.42,Low
13.53,13.579986967064578,13.345489198948956,52279.92,Low
13.53,13.624951952450898,13.388374353230736,117305.1,Low
13.53,13.704637433774804,13.329868943807838,89487.42,Low
13.53,13.730559635717494,13.509778410142816,115032.06,Low
13.53,13.549769784177192,13.3425103334233,3571.92,Low
13.53,13.654099916103728,13.433078163592723,57732.51,Low
13.53,13.711171669596068,13.290411871593806,23812.8,Low
13.53,13.76287394309107,13.479604125946798,61263.84,Low
13.53,13.665721741763258,13.508592484708627,102381.51,Low
13.53,13.792683753442466,13.500801302140705,52942.89,Low
13.53,13.61181615899648,13.382231859864998,29089.5,Low
13.53,13.54700268321253,13.46113602408407,48180.33,Low
13.53,13.667888348928871,13.322850610136705,99932.58,Low
13.53,13.609369173285796,13.502195931116198,34799.16,Low
13.53,13.755283101946995,13.456102535147638,130821.57,Low
13.53,13.603368870837595,13.303039786394285,29725.41,Low
13.53,13.623383453146149,13.504737027274508,87065.55,Low
13.53,13.746930835692082,13.313998373175174,61913.28,Low
13.53,13.727371875798156,13.48773855621895,34731.509999999995,Low
13.53,13.68698823140748,13.299821941420516,61764.45,Low
13.53,13.724750998278482,13.314916277302975,111013.65,Low
13.53,13.651148978517943,13.46023444351746,35002.11,Low
13.53,13.544895053940303,13.413134940863072,34731.509999999995,Low
13.53,13.546449062886628,13.398730767661029,111473.67,Low
13.53,13.674949784931568,13.41524187024825,79664.64,Low
13.53,13.564941612156362,13.462220100872363,131024.52,Low
13.53,13.55665997368711,13.45833159633256,82519.47,Low
13.53,13.79173536242307,13.338912813761157,77472.78,Low
13.53,13.764353808576896,13.477509209813071,47409.12,Low
13.53,13.582611639298763,13.443979706937483,41036.49,Low
13.53,13.543700750672985,13.500267951262856,75781.53,Low
13.53,13.785604540160843,13.46040089010687,13787.07,Low
13.53,13.61507908443915,13.506750555968788,123041.82,Low
13.53,13.59131869676606,13.336948061703168,41198.85,Low
13.53,13.721295989280252,13.412503415028556,69679.5,Low
13.53,13.571525884143938,13.419382813412431,59261.4,Low
13.53,13.61156347215858,13.391626978650327,20443.83,Low
13.53,13.79419758944211,13.44929899343052,82911.84,Low
13.53,13.707916695434031,13.423839043427076,117670.41,Low
13.53,13.67738063985642,13.364550454746547,33392.04,Low
13.53,13.645822938315616,13.458751649640618,109525.35,Low
13.53,13.742630960472082,13.397711899818768,25855.83,Low
13.53,13.579765938489944,13.368674634035653,106832.88,Low
13.53,13.792203528769646,13.480970176138852,66039.93,Low
13.53,13.76489889168347,13.437557238239584,63063.33,Low
13.53,13.702311080509071,13.374512789968035,51644.01,Low
13.53,13.554559894366786,13.413318139325485,24827.55,Low
13.53,13.72369896180353,13.332409267078155,57556.62,Low
13.53,13.77830800551143,13.45700410803151,53091.72,Low
13.53,13.67838302673673,13.39546105563704,60533.22,Low
13.53,13.634590574947136,13.305403686667567,89067.98999999999,Low
13.53,13.574449697073872,13.479768291757567,111568.38,Low
13.53,13.737592426840646,13.286410881240831,47314.41,Low
13.53,13.77104256729102,13.40149650033588,116615.07,Low
13.53,13.569301715849578,13.393117455551426,101177.34,Low
13.53,13.738642159490183,13.35299702600901,86334.93,Low
13.53,755.0084217676402,13.377180843819644,5057899.08,Low
754.01,768.6182224968087,741.4619521750184,7161586.98,Low
754.01,763.5754480646423,750.5821485191673,326486.33,Low
754.01,762.6783569225353,751.3949515316788,6415871.09,Low
754.01,759.0038435464634,749.4812585665115,6372138.51,Low
754.01,768.0772190523263,738.9611263093622,2829045.52,Low
754.01,758.5734245392961,751.8396395888127,6229630.62,Low
754.01,766.6281957287989,745.656636593616,3154777.84,Low
754.01,768.8768641108328,742.1763906440923,3355344.5,Low
754.01,765.9870991890077,741.3280593139039,2059955.32,Low
754.01,762.1991582075409,739.5397419374511,1716126.76,Low
754.01,755.7106024580493,738.9990399018847,1917447.43,Low
754.01,761.5318997022848,745.3442633562953,3176644.13,Low
754.01,761.0425479649465,749.8064319665901,7441324.689999999,Low
754.01,757.6693046172927,745.8078547696215,6538020.71,Low
754.01,760.8324069652201,742.7114531057922,6002673.61,Low
754.01,759.889317421333,746.4271579260125,931202.35,Low
754.01,757.1089818252681,749.354822372252,276721.67,Low
754.01,761.0872198384683,741.4785291270322,4295594.97,Low
754.01,758.5289321062963,741.3779325771994,679363.01,Low
754.01,762.243175430554,745.3673036858723,4349883.69,Low
754.01,755.2677196959056,744.6379271009704,1618859.47,Low
754.01,767.7468535038424,745.8990019487138,1848078.51,Low
754.01,766.4594001500956,742.0509420123713,570785.57,Low
754.01,762.6803951599986,740.547539196532,2423388.14,Low
754.01,766.9671816002109,753.2271668450592,781154.36,Low
754.01,768.5514646824774,739.3076246621068,6543298.78,Low
754.01,756.3473733838343,748.326050939186,5603802.32,Low
754.01,763.8014263453225,747.5380158690092,5742540.16,Low
754.01,769.0614616762643,747.9884906106644,1041287.81,Low
754.01,768.9166979388143,741.1594797413875,4625097.34,Low
754.01,763.4073298189257,742.7005586639369,735913.76,Low
754.01,756.5980613140437,750.6928785596176,2026024.87,Low
754.01,763.1189413034082,747.4095641824362,794726.54,Low
754.01,754.7935883615198,753.2169263255635,3422451.39,Low
754.01,757.613651573591,741.7504359684353,1771169.49,Low
754.01,768.4616120472564,749.87099100439,499908.63,Low
754.01,759.497964426817,752.0666771216852,1200383.92,Low
754.01,763.9097079494807,743.7896882085214,6692592.76,Low
754.01,758.7876564834055,750.1171847178209,358154.75,Low
754.01,768.3426864409191,745.390801612143,1767399.44,Low
754.01,765.2014807914151,750.9465379124932,3920097.99,Low
754.01,759.4866551172313,741.9367476177074,6927089.87,Low
754.01,766.1069345545,739.1880507027114,294817.91,Low
754.01,756.3136098550976,751.7160383509234,1915939.41,Low
754.01,760.3844456759764,741.2017530682466,1637709.72,Low
754.01,757.933222929327,746.2391718169197,492368.53,Low
754.01,764.5592049917017,752.5194681756816,4480327.42,Low
754.01,756.2316748974582,745.7876383449873,908582.05,Low
754.01,760.4518775081897,746.3518706938506,4341589.58,Low
754.01,758.7273465984255,740.4854379515383,5120481.91,Low
754.01,762.0179748673876,748.3794725820791,6090138.77,Low
754.01,759.7767106514578,742.4040132981124,3156285.86,Low
754.01,764.8841821536673,751.3605489619578,5088813.49,Low
754.01,755.1161051198561,747.6902185882376,4730658.74,Low
754.01,763.8466270921434,745.5290328311601,6497304.17,Low
754.01,758.0672181046988,750.6554669651105,2311794.66,Low
754.01,758.6135866006862,750.422698977005,4306151.11,Low
754.01,766.2286238255023,749.7411899137749,5810401.06,Low
754.01,768.4536643701583,742.6145469743686,6235662.7,Low
754.01,759.2989684533879,739.739360018641,4695220.27,Low
754.01,766.6089793963088,751.4343390863897,1327811.61,Low
754.01,756.2538025030351,745.4060983084235,1606795.31,Low
754.01,763.8465516174978,751.1485533713519,4102568.41,Low
754.01,765.5234414192741,752.4787105803491,3687862.91,Low
754.01,756.998579432828,752.6907204847341,2485216.96,Low
754.01,760.8670011462077,747.1113942301673,3205296.51,Low
754.01,767.5531024493922,747.1627353390437,7058287.61,Low
754.01,756.2478947472695,743.7406429502771,6285427.36,Low
754.01,755.0232618659023,747.6697535196491,1559292.68,Low
754.01,763.2248483514626,749.9650289263633,6574967.2,Low
754.01,761.0035176006388,751.8763305477758,7078645.88,Low
754.01,766.206183930468,745.0734754127125,475026.3,Low
754.01,767.9936094968643,750.1423569219929,1400196.57,Low
754.01,759.0497419509272,747.8528600464474,2797377.1,Low
754.01,760.328361179347,753.0048470404172,951560.62,Low
754.01,761.7304363004503,749.6881661476027,4875428.66,Low
754.01,763.1899795709735,743.9296000491993,3720285.34,Low
754.01,768.8588868962465,751.4918942767424,7306356.9,Low
754.01,764.7540956661389,743.7812871084391,4888246.83,Low
754.01,760.344755930449,740.929437662292,294063.9,Low
754.01,758.5427959919497,740.8012455725394,7460928.95,Low
754.01,768.2968975210018,751.0011071602561,5489192.8,Low
754.01,756.7059026069147,746.5608936282382,7422474.439999999,Low
754.01,765.0826754534952,740.4403010823488,1538180.4,Low
754.01,768.0213949573944,742.798928568359,546657.25,Low
754.01,764.2861354791538,740.8439741284789,6080336.64,Low
754.01,760.8247682901634,747.7132871957347,6329913.95,Low
754.01,757.614792013651,746.1070397582043,1592469.12,Low
754.01,760.0285312868924,740.4324160067057,3687108.9,Low
754.01,764.8907898473965,747.1098580658216,3975140.72,Low
754.01,764.0693607070378,743.655040142021,4186263.52,Low
754.01,768.0583728781597,747.1732219279605,3834894.86,Low
754.01,767.1828241526578,743.1129546419154,4346113.64,Low
754.01,766.456340745611,744.4708147769886,5886556.07,Low
754.01,767.8216284159413,746.9294944519331,3390028.96,Low
754.01,758.72286855417,745.390596542044,3392290.99,Low
754.01,760.0578744455132,744.6867953000235,4742722.9,Low
754.01,760.2064422454802,740.6624351684252,4984760.11,Low
754.01,762.7931316194681,743.5590047445004,1091052.47,Low
754.01,764.3370313178933,743.0306078039043,2476922.85,Low
754.01,758.8715676774063,739.3606373581389,5529155.33,Low
754.01,755.0428330045418,752.2866548139318,971918.89,Low
754.01,760.483345720536,750.5682024438976,5477882.65,Low
754.01,759.1840401688886,748.6985095860568,3279943.5,Low
754.01,768.2619272997492,739.7024494819733,3191724.33,Low
754.01,767.4894637411917,749.9816672755021,811314.76,Low
754.01,767.0889842369767,745.1603377824079,2409815.96,Low
754.01,764.1190086452561,751.5689216702519,7463944.99,Low
754.01,759.6963619884182,749.3783602123732,6620961.81,Low
754.01,762.6269288861232,749.3003897661779,1012635.43,Low
754.01,766.4430788260604,743.1063677087175,1522346.19,Low
754.01,756.176720878293,751.6968838946492,5295412.23,Low
754.01,766.2403609387648,742.4112863109189,2779280.86,Low
754.01,755.353959514727,748.9073296680501,2082575.62,Low
754.01,766.4602128131727,742.7481533732187,2113490.03,Low
754.01,766.3333224955171,748.0045658139635,3559681.21,Low
754.01,755.4947503976693,747.1472874165635,2373623.48,Low
754.01,763.7488335129377,751.4533146257738,6742357.42,Low
754.01,761.9622482086907,751.7253525035485,1547228.52,Low
754.01,757.1968764681436,745.4934608437735,104807.39,Low
754.01,756.8897148531642,744.1292019385239,3193232.35,Low
754.01,765.8418671592701,751.9361085120561,7040191.37,Low
754.01,762.896884181459,751.2584571833611,3488050.26,Low
754.01,768.8466423766498,752.7912089847151,2865992.01,Low
754.01,768.8358782845105,750.9292921367785,6364598.41,Low
754.01,768.9851459550978,750.0673021462325,4554974.41,Low
754.01,756.4633184530566,743.3608462209518,4013595.23,Low
754.01,768.2056456868117,752.3217125731917,2551569.84,Low
754.01,758.2677606870542,743.4080737428706,1097838.56,Low
754.01,761.3284458936313,747.4477446549101,6233400.67,Low
754.01,765.6147602259476,751.2080077984556,5271283.91,Low
754.01,757.6811221609156,739.1829556210251,4367225.92,Low
754.01,762.8770976603764,746.0317361785255,6302769.59,Low
754.01,757.4260560402679,749.041450145096,3028104.16,Low
754.01,756.2644793641765,752.4608123679856,5483914.73,Low
754.01,756.4338508278028,748.7529584056075,782662.38,Low
754.01,759.8876147646523,744.4818256638257,3247521.07,Low
754.01,754.8306960769485,749.7350005674458,1734223.0,Low
754.01,760.8505479973804,745.1009288176726,3356098.51,Low
754.01,764.2794239248425,749.2693246884133,1501233.91,Low
754.01,760.5186712591222,752.619127426504,5117465.87,Low
754.01,755.9931197480213,747.3368916303988,6893913.43,Low
754.01,755.6621025482345,748.1469800004093,548165.27,Low
754.01,758.7483600040067,749.7333208548703,3908033.83,Low
754.01,757.1896157741387,745.6778390364324,1245624.52,Low
754.01,768.5901439543655,747.6741793904234,6330667.96,Low
754.01,756.9305629367215,739.6468907386867,6154983.63,Low
754.01,766.3032179161271,744.3561435444195,6047160.2,Low
754.01,763.1607037338925,748.1250056991162,832427.04,Low
754.01,762.9197225802099,750.1853618057269,6332929.99,Low
754.01,762.1001756316601,743.7272992275276,6314833.75,Low
754.01,768.6856724633928,740.0740511450241,689165.14,Low
754.01,759.97651937847,744.2718484242791,2889366.32,Low
754.01,766.051840752158,741.3739591473587,7054517.56,Low
754.01,762.7192588894521,743.453600054403,5391171.5,Low
754.01,760.431933092803,739.6864878019256,6338962.07,Low
754.01,768.452196499066,747.4222378414047,864095.46,Low
754.01,763.3355982571526,742.1857812770749,870127.54,Low
754.01,756.4676367074028,745.9612950667578,1649019.87,Low
754.01,760.7457559259292,752.5469658381497,5029246.7,Low
754.01,765.961098331295,753.0659926263016,3031874.21,Low
754.01,764.7027616668594,747.1655904665962,6183636.01,Low
754.01,767.8916756699015,743.8010714867163,3479756.15,Low
754.01,758.4798996869143,740.8885836076199,3599643.74,Low
754.01,765.6260372372909,752.7886244153653,4035461.52,Low
754.01,761.3522695974232,739.7629524540312,6390988.76,Low
754.01,762.9816522208985,740.5807428007515,4300873.04,Low
754.01,768.4461902109655,740.7403839396612,6491272.09,Low
754.01,768.7934518845658,744.0489806106879,4337065.52,Low
754.01,767.1073258514808,746.5705579340153,6515400.41,Low
754.01,759.9085031072708,741.737819998903,455422.04,Low
754.01,767.4813808357883,750.3022992489507,1970982.14,Low
754.01,763.9128464146346,749.0685653763621,6665448.4,Low
754.01,760.9242255764117,750.7819529732533,1668624.13,Low
754.01,755.2760664606116,738.9587129433884,3914065.91,Low
754.01,765.7970118315122,750.5027644143489,470502.24,Low
754.01,761.957269949514,743.2168991971148,3791162.28,Low
754.01,766.0270958191513,746.6362548704476,5293904.21,Low
754.01,765.4803267477236,752.7789954220249,315176.18,Low
754.01,766.1328068924605,752.0917931340465,535347.1,Low
754.01,759.0711956232101,739.9408226594002,5442444.18,Low
754.01,766.2364028819768,742.589529994549,6866769.07,Low
754.01,762.6268867824087,745.4337500795684,5086551.46,Low
754.01,761.5449710796125,750.2551574406605,3594365.67,Low
754.01,764.4359921153198,753.1649307385607,2301238.52,Low
754.01,755.0699985499245,742.18686048254,2009436.65,Low
754.01,756.2298201446006,748.7819406750347,6449047.53,Low
754.01,758.9497984470893,750.1896039879362,5174016.62,Low
754.01,768.846513083377,750.7874223232654,6375154.55,Low
754.01,756.7660345797174,741.669019320308,5507289.04,Low
754.01,759.5001954179736,744.3646850656985,5717657.83,Low
754.01,755.4954059048588,744.0685932063508,1730452.95,Low
754.01,759.5098309201609,739.9979999875011,6326143.9,Low
754.01,759.3530652425485,740.4799074598626,1100100.59,Low
754.01,768.3281494243137,743.5075730617992,2703125.85,Low
754.01,766.8718480295771,739.48813550027,5666385.15,Low
754.01,760.2475629300736,749.9758510951341,6773271.83,Low
754.01,755.1188562315913,752.9751646847304,3038660.3,Low
754.01,766.6695196350095,740.0514435751192,5710871.74,Low
754.01,764.2269767756463,749.4691771970889,2166270.73,Low
754.01,756.9468125420406,739.3151320027239,1158159.36,Low
754.01,769.0339162820334,750.046363875434,4745738.94,Low
754.01,756.1999732688911,749.266724929115,2153452.56,Low
754.01,767.1864576746337,740.2270390434585,7191747.38,Low
754.01,758.9797229778932,741.6137378053429,2498789.14,Low
754.01,761.0009664757329,751.8607447939114,933464.38,Low
754.01,766.1598713393375,745.011679554057,5816433.14,Low
754.01,764.4701234345579,750.996010516437,6899945.51,Low
754.01,768.2000332225165,752.2292093950168,2339693.03,Low
754.01,763.6625843192073,744.4828915679971,5486930.77,Low
754.01,756.1652569572797,752.1377947634882,3620756.02,Low
754.01,767.4335245922731,746.495532772579,3989466.91,Low
754.01,765.7830781905362,744.4523634247593,156834.08,Low
754.01,764.9624013348835,739.8022266957757,551935.32,Low
754.01,755.5338070087636,740.0576694340343,2221313.46,Low
754.01,760.4403723223456,744.5534390900827,1123474.9,Low
754.01,757.1627273623831,746.0540349358439,6553854.92,Low
754.01,766.5387615535936,743.9383623487163,4503701.73,Low
754.01,764.799916150927,740.0047586062593,4055819.79,Low
754.01,767.4151474439375,739.0595892660612,4321985.32,Low
754.01,768.6113486310658,752.7819316035764,6762715.69,Low
754.01,765.8631915229684,739.366002561475,3650916.42,Low
754.01,769.0075820545064,741.7493950532005,609240.08,Low
754.01,763.5713201951817,752.181456414073,3451103.77,Low
754.01,755.2959357599735,741.792632942017,6043390.15,Low
754.01,754.968179913831,743.7629850261637,3933670.17,Low
754.01,759.6650551159057,740.2802161619024,1270506.85,Low
754.01,766.5612223069882,746.6974991612741,2171548.8,Low
754.01,767.1724203684023,746.0450675450677,4497669.65,Low
754.01,768.5287928422941,741.2604804026055,2592286.38,Low
754.01,755.6969525315094,746.3251541360357,2819243.39,Low
754.01,755.4025442045204,745.7151434349242,4439610.88,Low
754.01,767.8478843254375,749.755258271317,4306905.12,Low
754.01,759.134166959619,748.522294311892,4588150.85,Low
754.01,762.7578435187397,749.1350847210734,276721.67,Low
754.01,768.8387020583958,752.6018100648308,3755723.81,Low
754.01,760.5009117938484,744.9033371514748,219416.91,Low
754.01,764.3034101677524,741.1840044521674,2333660.95,Low
754.01,760.5070867957089,742.220344566581,1685212.35,Low
754.01,765.7693127200799,749.7233572763092,2853927.85,Low
754.01,762.3241514243547,744.8564059963068,7325207.15,Low
754.01,758.1668116041886,746.2299872357547,6538774.72,Low
754.01,758.650792754788,741.5578833546934,6713705.04,Low
754.01,758.4610153100756,748.1919694604205,5843577.5,Low
754.01,762.3901321634944,752.7316951255249,1826212.22,Low
754.01,764.8380294493535,740.5447081345935,7070351.77,Low
754.01,768.3635742111991,743.6534252340144,1091806.48,Low
754.01,764.7076376120401,750.6506511447526,3082392.88,Low
754.01,765.9555271092455,750.3090331509528,269935.58,Low
754.01,757.1840776318378,747.5513032198934,6720491.13,Low
754.01,760.1229022377537,746.431161648271,4915391.19,Low
754.01,760.6919040479313,748.5240474202933,752501.98,Low
754.01,764.5972235872305,745.8683971344598,2573436.13,Low
754.01,759.0030146730506,740.4705781501261,2386441.65,Low
754.01,759.1090276917232,744.2310532121124,6975346.51,Low
754.01,759.8625456483245,747.9620451850994,7418704.39,Low
754.01,766.3725515775839,740.9291189489919,6160261.7,Low
754.01,763.0386753720782,743.2889293843499,4360439.83,Low
754.01,755.842446613567,744.7501893420427,3563451.26,Low
754.01,755.8849784909246,745.8562526216166,6497304.17,Low
754.01,760.0831373083105,751.9976197351275,3040168.32,Low
754.01,765.7463390432835,744.7614885613941,410181.44,Low
754.01,764.6302196175845,747.550451914044,3826600.75,Low
754.01,764.9066997293803,745.3718715498463,5439428.14,Low
754.01,765.7552071762036,751.4786109388793,4971187.93,Low
754.01,758.877814323825,741.9930609540654,3115569.32,Low
754.01,762.6184336637959,745.921610407159,4883722.77,Low
754.01,762.5481831621797,741.3519209566267,1627907.59,Low
754.01,765.3601257420792,750.293158274355,5854887.65,Low
754.01,768.4723195784156,739.8168180741623,7159324.95,Low
754.01,758.7465467672293,744.9728062280166,6839624.71,Low
754.01,766.1287139674354,752.1717022000339,2842617.7,Low
754.01,764.2188734725485,748.7616110456086,2337431.0,Low
754.01,763.0766079831853,739.1778593045017,4156103.12,Low
754.01,765.8650849460889,744.4692488721863,3365146.63,Low
754.01,768.2883984802176,747.2426139840657,2068249.43,Low
754.01,755.2896582237667,740.1376208023302,4880706.73,Low
754.01,756.8756918746238,748.0801579147592,3901247.74,Low
754.01,765.598724573059,742.5522378761924,5116711.86,Low
754.01,755.9644208421469,751.1605686553378,3913311.9,Low
754.01,762.15809620032,743.2683477372352,76155.01,Low
754.01,757.9137772597153,746.2155308100752,778892.33,Low
754.01,758.693622369435,747.1726708067479,4450167.02,Low
754.01,764.8187101083536,749.9379128706024,4977974.02,Low
754.01,755.1965574064744,739.1095098555633,7249806.15,Low
754.01,767.275350054814,751.4849956757537,6391742.77,Low
754.01,761.1316999653781,750.3407263819055,2415848.04,Low
754.01,761.9613917832389,747.8491236291925,3862793.23,Low
754.01,762.500839736989,751.3775346072697,1582666.99,Low
754.01,764.0122002175617,739.8563538709151,1506511.98,Low
754.01,759.7044909827089,740.2136932240019,82187.09,Low
754.01,756.2124951202356,746.9783569725246,3354590.49,Low
754.01,759.3251671386776,746.2017640819431,1263720.76,Low
754.01,757.1728459297974,752.3664683032134,3112553.28,Low
754.01,762.7312795941115,741.2309748384424,7285998.63,Low
754.01,759.3201485925783,742.0745772383696,2985125.59,Low
754.01,768.4894624246978,747.621657846195,5400973.63,Low
754.01,768.5993027558584,746.4211472029818,6283165.33,Low
754.01,763.6480511889379,743.8098476208216,2375885.51,Low
754.01,763.6103931810825,746.5860162585926,692935.19,Low
754.01,768.8807305379156,749.3422125086611,4428300.73,Low
754.01,767.4753970083941,748.9941570203697,5386647.44,Low
754.01,765.7245474549298,745.8448655576275,3748937.72,Low
754.01,759.2565686860421,739.008149492152,6392496.78,Low
754.01,760.0007915692348,746.237221640453,3547617.05,Low
754.01,757.6473959269757,752.4566255603374,7268656.4,Low
754.01,761.7429866243625,739.8080611143683,1550244.56,Low
754.01,768.9522176181908,748.8725928081183,3200772.45,Low
754.01,767.8316578615252,752.6854440860856,412443.47,Low
754.01,756.4595064781554,752.2204104479493,5159690.43,Low
754.01,755.1248908705307,750.8042831459513,938742.45,Low
754.01,767.6380639787737,744.1709448232363,867865.51,Low
754.01,762.4596113153174,747.984151465365,1261458.73,Low
754.01,757.631968374553,740.1145753238563,419983.57,Low
754.01,764.4148947341907,741.8914021952035,2488233.0,Low
754.01,763.9932736494264,748.6596204777311,5302198.32,Low
754.01,756.5130315998045,739.1287076541479,1253164.62,Low
754.01,758.4830922691312,743.7076015808052,331010.39,Low
754.01,755.6246983315649,753.006159018738,3215852.65,Low
754.01,757.7705110221536,746.6216997552555,6912763.68,Low
754.01,756.6594462360231,740.2145172077757,441849.86,Low
754.01,757.532349840886,749.0160058285812,2213773.36,Low
754.01,764.584142571109,739.9775259928929,4144038.96,Low
754.01,755.4731527412355,744.4401805333113,3390028.96,Low
754.01,756.2231985704228,744.9031960131697,7299570.81,Low
754.01,756.6862070321008,748.0150814114177,3842434.96,Low
754.01,759.2988382416593,739.5469205381148,3813028.57,Low
754.01,759.0439637158239,747.0869009283259,1274276.9,Low
754.01,758.4181022505653,744.1676521959153,2872778.1,Low
754.01,765.516340699037,744.1289839556722,7051501.52,Low
754.01,769.0618740817523,744.0386141166135,2259767.97,Low
754.01,762.4138791897116,748.8715630109792,1547982.53,Low
754.01,768.2908375353516,740.8675392389581,4852808.36,Low
754.01,760.4459218222393,744.7519128940586,6764977.72,Low
754.01,756.2923630025605,747.6910447889237,6890143.38,Low
754.01,760.6201815480125,748.6390262926976,5049604.97,Low
754.01,759.0063927462157,751.627320800296,7086939.99,Low
754.01,761.8326518890776,744.513540115703,5974021.23,Low
754.01,764.1769425538032,742.0442070770803,5767422.49,Low
754.01,761.3691030391191,747.2036647629579,6512384.37,Low
754.01,768.1612971765242,740.1380587017362,4105584.45,Low
754.01,767.4393189495772,751.4575424223779,1845062.47,Low
754.01,764.820674404094,746.2663952724103,3403601.14,Low
754.01,761.7793290946678,744.0524758269321,3298039.74,Low
754.01,756.6505870198574,745.095733275895,510464.77,Low
754.01,760.4517032228531,740.5129255093949,6041128.12,Low
754.01,764.8554002897538,743.456396747543,7419458.4,Low
754.01,758.8453340957017,741.4364086090936,2335168.97,Low
754.01,756.2537629566217,743.7702483990687,1960426.0,Low
754.01,767.7707358030042,748.324292611511,3255815.18,Low
754.01,764.9220066210713,749.3509027406433,2637526.98,Low
754.01,763.5785769904954,748.242377308781,3544601.01,Low
754.01,766.1174998965455,747.4083523521152,3100489.12,Low
754.01,766.735633907168,741.4109890411497,2546291.77,Low
754.01,761.6901354650076,743.070985058813,5185326.77,Low
754.01,767.3880803154594,741.4104891869827,1208678.03,Low
754.01,767.892802866916,740.002310213258,2317826.74,Low
754.01,758.6543025877635,741.5830510915765,3146483.73,Low
754.01,763.4678202579813,739.4702186302599,2660147.28,Low
754.01,762.3079528478476,739.6480945432687,2050153.19,Low
754.01,762.4707234418281,748.6578304960026,4535370.15,Low
754.01,768.1971496401242,747.6357245303942,1826212.22,Low
754.01,759.1362013406339,745.0154824998557,2810949.28,Low
754.01,768.8528720246444,743.363093987955,4495407.62,Low
754.01,767.6881131882163,317.04272193407223,1181180.91,Low
320.19,323.30088115239795,315.0773304603807,396395.22,Low
320.19,325.4832568490801,316.0249270332706,129356.76,Low
320.19,325.188771985116,316.24476761212065,2355637.83,Low
320.19,324.6342386161209,318.9852828001519,2552874.87,Low
320.19,322.4559346477903,318.8275998160669,1252263.09,Low
320.19,321.70532121835186,317.9638926804086,1299331.02,Low
320.19,324.59550261132114,314.01448744058064,1186303.95,Low
320.19,325.6385107757186,319.40617596474976,1948035.96,Low
320.19,320.6090656277256,314.0280159677174,3046607.85,Low
320.19,324.42075504206065,316.9672756758852,2833681.5,Low
320.19,323.2044567613219,317.2175917604514,2924615.46,Low
320.19,325.97380564796805,314.71772319115547,2575928.55,Low
320.19,322.465905936874,314.81143339119853,2547431.64,Low
320.19,323.3949454657351,319.0547035440299,860350.53,Low
320.19,323.6418323017795,314.93147365134035,526072.17,Low
320.19,321.36456927660817,316.76288991685067,728112.0599999999,Low
320.19,324.84714874162205,317.9040307745784,2052097.71,Low
320.19,325.56248419794133,319.2104730377198,3110645.85,Low
320.19,320.86248745601887,316.2669274080908,2845208.34,Low
320.19,322.2828859425065,315.1225774480182,548485.47,Low
320.19,320.7416390050335,314.4817116599582,2686394.1,Low
320.19,326.3294312807224,313.95885830997685,2536865.37,Low
320.19,324.568984909322,319.1203790810774,3058454.88,Low
320.19,326.3760093137993,317.4559308875594,2314013.13,Low
320.19,323.7435939065992,319.57368140319227,164897.85,Low
320.19,325.3896620926566,316.0021915451779,2290959.45,Low
320.19,322.7879786564706,314.46957428607146,1075198.02,Low
320.19,322.6626870047492,315.688769521523,1765527.66,Low
320.19,322.81142387481896,317.50505521323794,1528907.25,Low
320.19,324.5123666553594,315.2467296304676,989066.91,Low
320.19,322.69696278408685,313.8068055324866,1170294.45,Low
320.19,325.9876744322539,319.8629839500654,765254.1,Low
320.19,326.4920508017678,314.8322413917125,2824716.18,Low
320.19,320.69529305296936,317.88490072889874,2359480.11,Low
320.19,321.68811858572553,315.3249489500118,1416200.37,Low
320.19,321.1930751774045,318.42774585245184,1941952.35,Low
320.19,320.767916340526,318.6420133680008,1671071.61,Low
320.19,321.89567738453746,314.9445306796112,257432.76,Low
320.19,323.22830631173053,315.2013196633628,958969.05,Low
320.19,325.60211295617387,314.934660909547,1418761.89,Low
320.19,321.85968089025096,315.2624479714333,568977.63,Low
320.19,323.51516029679914,319.2866226990106,513584.76,Low
320.19,326.16562785948565,314.4987220404834,1578216.51,Low
320.19,324.56926406235453,317.5725321028857,922147.2,Low
320.19,325.36539150537783,318.5334567714716,2872424.49,Low
320.19,323.86222242696016,316.4169539591794,543042.24,Low
320.19,326.4749655536674,317.7657037097177,2711048.73,Low
320.19,324.0913809708418,315.55123914202784,1341916.29,Low
320.19,320.78705943457,315.64402126597923,918304.92,Low
320.19,321.7146401415417,314.69808779642653,1395708.21,Low
320.19,322.97267489686,313.8253872238232,3016509.99,Low
320.19,324.1681258198416,315.0055748796762,1372974.72,Low
320.19,325.2063163442778,319.0086812573719,715944.84,Low
320.19,323.0232448864101,315.23018866617224,2735383.17,Low
320.19,324.8299078049765,316.4210142992797,2791736.61,Low
320.19,325.31544800780966,316.4436349707275,2588736.15,Low
320.19,322.440277308592,317.81813901782016,249748.2,Low
320.19,326.4676882249844,318.8919732304698,1812275.4,Low
320.19,324.46244675098166,318.81702948011537,1534670.67,Low
320.19,325.86983861257914,319.51939706764244,1032292.56,Low
320.19,323.8922980830129,314.97037575144054,217088.82,Low
320.19,325.02181407870296,315.3439179040304,1185983.76,Low
320.19,325.19787955869,314.65780727454694,1728705.81,Low
320.19,326.03561892239526,315.58607781260173,2246453.04,Low
320.19,321.4248592844002,318.8490653939322,2235886.77,Low
320.19,323.9065686221103,315.3925223475351,1969168.5,Low
320.19,323.116277806116,316.47605641078763,1482799.89,Low
320.19,326.1263294528028,319.2086861344801,1432209.87,Low
320.19,321.1495451328801,314.3633986227176,2419675.83,Low
320.19,326.4877863349181,314.3804646510798,2911807.86,Low
320.19,325.8360944297672,316.0501290458416,1873111.5,Low
320.19,320.9593203047871,317.31687647884854,842740.08,Low
320.19,323.49703801273785,318.4223725464647,2887473.42,Low
320.19,324.8755421510879,319.27604646585826,1162930.08,Low
320.19,325.0008161248816,314.96642338839365,854587.11,Low
320.19,326.02494672523864,313.9884613080141,1715898.21,Low
320.19,325.3762593625629,319.7843922700088,1720060.68,Low
320.19,322.40176917116514,316.95356288088493,3047248.23,Low
320.19,323.5424728476208,319.22472962221053,941038.41,Low
320.19,324.7795808852542,317.3235816993045,2662379.85,Low
320.19,321.3523857524925,316.3375881969213,470038.92,Low
320.19,321.6903543561885,317.2593289321996,842740.08,Low
320.19,323.4366646477457,319.7650290461048,3079587.42,Low
320.19,322.32460112346286,313.8601476933355,2788214.52,Low
320.19,325.75766407757897,314.23757794343817,2422557.54,Low
320.19,324.07687257597604,315.17099323804,1308616.53,Low
320.19,322.6313330834914,317.4322236769115,2183695.8,Low
320.19,325.6741590828973,315.6752206373934,1486321.98,Low
320.19,325.40675657840904,315.5518560072885,59235.15,Low
320.19,326.58379171386986,317.7998334622633,1730306.76,Low
320.19,325.664879525824,319.6283727268124,915423.21,Low
320.19,323.0315819197092,316.0838911806495,416567.19,Low
320.19,321.2858434721247,314.1020382464089,1839171.36,Low
320.19,325.6243214355375,315.3205637655016,2537505.75,Low
320.19,320.873733867283,318.48282364265475,2623316.67,Low
320.19,322.64110341971525,316.488476892048,2980328.52,Low
320.19,326.10551717719994,317.49589575961625,89333.01,Low
320.19,326.35511852551537,316.54511391283035,1139556.21,Low
320.19,324.4071351667916,315.4649144432785,60836.1,Low
320.19,324.6996577876853,316.9088126510457,1849737.63,Low
320.19,320.7684665521555,314.3196336701653,900054.09,Low
320.19,323.6400877478558,315.65925416347017,1464228.87,Low
320.19,323.83712272126803,317.72643957299607,2481152.31,Low
320.19,322.5792303001281,316.1446098143943,1906091.07,Low
320.19,320.92750638987707,317.0994756206061,2342510.04,Low
320.19,321.90277456275936,315.0514032678849,420729.66,Low
320.19,322.68802465812814,319.8244896750334,596834.16,Low
320.19,323.1574241405906,316.3074577970792,2430882.48,Low
320.19,324.10515773672324,319.726897477,830252.67,Low
320.19,324.90493826706773,313.9119214747411,1435091.58,Low
320.19,322.4425384405681,316.78217995506805,1380018.9,Low
320.19,322.5114163833807,318.1737025365428,2443369.89,Low
320.19,320.6299862745903,319.196357328824,2204828.34,Low
320.19,320.7588567076166,317.7910695865919,1182141.48,Low
320.19,322.0786766377124,316.012319303147,2079634.05,Low
320.19,325.0135518703054,313.9511368807145,2406868.23,Low
320.19,324.332606301601,319.2955151565592,3175324.23,Low
320.19,325.1932861840859,318.5908100921324,2953432.56,Low
320.19,325.18799597135086,318.1849947590714,2457458.25,Low
320.19,325.7212124119876,315.2097396392931,805598.04,Low
320.19,324.8923314897505,319.38936657168495,2491398.39,Low
320.19,326.4661106169426,314.4286453912053,2219557.08,Low
320.19,325.9782920923967,318.5375785151469,416247.0,Low
320.19,324.0795484196073,315.50161013199613,1161649.32,Low
320.19,324.0883118857768,315.2429096798686,3111606.42,Low
320.19,320.71865730935724,314.4366370158954,925028.91,Low
320.19,326.5848362734123,318.6072241570843,2729939.94,Low
320.19,321.31064705333665,315.46973152448203,908699.22,Low
320.19,325.0141736088999,317.72183346753434,2184336.18,Low
320.19,325.5049262512102,317.5076227338028,1197510.6,Low
320.19,322.7797082650264,316.77743768796734,2525018.34,Low
320.19,321.7077611282824,319.07180020541006,439941.06,Low
320.19,321.11100663487787,317.687469870426,795351.96,Low
320.19,325.0644169831249,314.14823957897414,3185890.5,Low
320.19,323.26395753681106,318.7709352627395,671758.62,Low
320.19,324.8521704958369,317.9524754297758,1470312.48,Low
320.19,326.0791731266313,314.9586434076001,2896758.93,Low
320.19,321.401948283086,318.3490371260423,188591.91,Low
320.19,326.10206789171326,318.867289335274,624050.3099999999,Low
320.19,323.01436484533014,318.71079414018203,1636491.09,Low
320.19,322.3673154340812,313.87333910630747,463635.12,Low
320.19,326.2474129992257,317.35540769021657,2641887.69,Low
320.19,326.5369285436572,317.4608991960256,2996017.83,Low
320.19,321.72017268493227,315.264407623424,721388.07,Low
320.19,324.5061383359006,319.48812627523245,1731587.52,Low
320.19,321.15806595581074,318.8384078429189,1179259.77,Low
320.19,324.4700969430076,315.4903402152649,2593859.19,Low
320.19,325.5432410256294,317.92517635593896,365656.98,Low
320.19,324.6744122026193,315.6010728129593,2696960.37,Low
320.19,323.0490820763834,319.7307365827599,2866661.07,Low
320.19,322.8406163357057,316.278292319768,526392.36,Low
320.19,322.9017934564773,316.55883112054937,626611.83,Low
320.19,324.09776671306,318.9885603064862,1848456.87,Low
320.19,325.87330145988574,319.1474673180578,2910847.29,Low
320.19,326.1622661650219,314.223281837658,3178205.94,Low
320.19,320.83584333278947,316.7974839038115,2160321.93,Low
320.19,321.61510981629044,319.56623464109504,1292927.22,Low
320.19,321.19291897001614,318.9660420426938,1717819.35,Low
320.19,321.686362553916,315.77826093504854,671438.43,Low
320.19,322.61881674270006,316.969361068204,1035494.46,Low
320.19,323.59173120971985,316.2338626964989,1539473.52,Low
320.19,324.33958661524514,317.0818431149479,691610.4,Low
320.19,324.9642577257805,314.2393378579964,661832.73,Low
320.19,325.9252814742901,314.849318587733,657670.26,Low
320.19,326.5274183076155,313.90699312460373,478043.67,Low
320.19,324.5427503015149,314.155883083462,1299651.21,Low
320.19,325.65305803941243,315.4366961766829,816804.69,Low
320.19,325.2434749095396,319.55023540537013,2752353.24,Low
320.19,322.3810949891113,313.79166444051185,2759077.23,Low
320.19,325.8375602521239,316.99032364990404,1863185.61,Low
320.19,320.77034425365065,319.49872782403185,1527306.3,Low
320.19,320.5124247761198,313.838377233993,1913135.25,Low
320.19,322.17547256147395,316.399860496911,2170888.2,Low
320.19,323.32141115221685,317.07740853716416,2017517.19,Low
320.19,324.39374089165506,319.74941882068964,2514772.26,Low
320.19,321.12932061125304,317.2635843614827,1141157.16,Low
320.19,324.60452118029895,318.7548622496989,918304.92,Low
320.19,325.38812502700307,315.4960047218416,2008231.68,Low
320.19,321.6375615306822,319.82195083313854,1196550.03,Low
320.19,323.03565015154726,316.6270288037132,1601590.38,Low
320.19,323.67357588472987,319.6038575767919,2458098.63,Low
320.19,323.25880769328893,315.521063088629,1805871.6,Low
320.19,325.3760433658524,314.0720110833502,727471.68,Low
320.19,326.35363366642275,319.60626467947395,459792.84,Low
320.19,325.37070945809177,319.24268616628376,274723.02,Low
320.19,320.9846678867575,316.7331434290041,1674593.7,Low
320.19,325.407104096143,313.89289371698305,2764200.27,Low
320.19,320.9153361127516,317.3666677178721,946161.45,Low
320.19,321.9457417953594,316.1249042179441,2459059.2,Low
320.19,321.4415718125587,315.23620818313174,949363.35,Low
320.19,321.71181921359994,314.224706066042,719466.93,Low
320.19,323.72425319011734,318.79290973124824,739318.71,Low
320.19,324.5964891346599,314.3250495789359,3182688.6,Low
320.19,323.3714412564324,316.05888918580104,1014041.73,Low
320.19,326.3486039865547,314.96881170879607,1536591.81,Low
320.19,321.97203476105875,318.0717672932354,2991855.36,Low
320.19,325.1528375361804,316.8273908009893,954486.39,Low
320.19,325.80403900298785,318.5985837813077,333637.98,Low
320.19,323.9295810120485,314.67073174705257,1844934.78,Low
320.19,323.28566977515834,318.6252305870147,108864.6,Low
320.19,324.13714366227066,316.5340037265791,1897125.75,Low
320.19,323.1189014058452,317.32738899599565,1829565.66,Low
320.19,323.8877730544413,319.56812674156777,2494280.1,Low
320.19,323.0466535605103,317.362464439711,1382260.23,Low
320.19,322.94649153424245,315.0978420158138,966973.8,Low
320.19,324.7404067270383,316.6519908259043,1552601.31,Low
320.19,321.07506056833245,318.01554458801894,76205.22,Low
320.19,321.52336701907376,317.1600891001105,2551273.92,Low
320.19,325.6885495345101,315.15948005456306,994189.95,Low
320.19,325.2011238578584,315.80502310544057,2764840.65,Low
320.19,322.22244470990546,319.1951179326563,2679349.92,Low
320.19,322.8053470514548,316.6379130044316,2420316.21,Low
320.19,326.1437741159901,318.66102565711213,2771884.83,Low
320.19,325.48705278784,313.91756151020826,1660185.15,Low
320.19,324.24763329401907,315.3763012944123,1020765.72,Low
320.19,321.8576498666675,319.3770327537384,1592304.87,Low
320.19,320.7794017352133,318.35967999652337,2208030.24,Low
320.19,323.1337945496258,319.39452385858857,72683.13,Low
320.19,324.60219119065806,317.61828809758345,1593905.82,Low
320.19,325.5503421969193,314.8649180174628,2438567.04,Low
320.19,325.6976173622237,319.4636952785364,2289358.5,Low
320.19,320.7095858008673,318.86384128822385,2130544.26,Low
320.19,321.9955461726204,318.24277744108224,2592898.62,Low
320.19,322.573109229407,316.073148836132,769736.76,Low
320.19,321.65836316591464,313.9402160297742,3053011.65,Low
320.19,325.39517904156804,314.864628977966,2281994.13,Low
320.19,325.1791523909612,318.64745143248524,915423.21,Low
320.19,323.65440065279205,315.5500648086855,622129.17,Low
320.19,326.4899313508004,316.4849639066071,1406594.67,Low
320.19,321.38658598116564,316.8789378030068,2125741.41,Low
320.19,325.9833200988812,314.3435450206504,1124507.28,Low
320.19,321.218707017652,316.29185793540995,2726417.85,Low
320.19,321.5029238554828,319.03507985033275,1926583.23,Low
320.19,324.7457160888367,318.8662102996927,403439.4,Low
320.19,321.1767692742017,314.2608833195519,1210318.2,Low
320.19,323.95257088094024,319.38187286868083,778381.89,Low
320.19,323.0667269448204,319.0307943387237,1055666.43,Low
320.19,324.94194150150497,315.89652106203647,1025888.76,Low
320.19,325.98954688957,318.5050286806302,866113.95,Low
320.19,325.1937880453558,314.84414523349693,1071355.74,Low
320.19,325.6793718290947,317.33898883115705,991308.24,Low
320.19,320.7106172601391,316.93507767492457,47067.93,Low
320.19,322.3972984350734,319.0872256175751,3109044.9,Low
320.19,323.64588388049583,319.6984735820684,2340909.09,Low
320.19,323.04068774441487,315.2509128651718,883724.4,Low
320.19,321.9170549444968,319.41968549834024,1073597.07,Low
320.19,322.38317594109054,315.9753321816985,2041531.44,Low
320.19,326.2618233057841,316.599678287287,1140516.78,Low
320.19,322.2998717425941,316.71551572709103,368218.5,Low
320.19,322.6632045837308,318.04664320231853,185390.01,Low
320.19,320.5327588166834,315.2704266317449,2975525.67,Low
320.19,325.6513127040839,317.4326333926606,1317902.04,Low
320.19,321.45218045162085,318.9496361743924,1193027.94,Low
320.19,321.7521241559581,319.528865390767,1648978.5,Low
320.19,322.0631197688262,317.78588158734743,953525.82,Low
320.19,325.8918855912418,316.17064064646763,1920179.43,Low
320.19,321.7661598699722,318.529456310639,2852252.52,Low
320.19,325.36202934423983,315.3545254969877,1209037.44,Low
320.19,325.42604704728177,319.20836455516286,1672032.18,Low
320.19,326.14982160247456,316.9985604831566,1701489.66,Low
320.19,321.213219963032,316.60471063743194,1044459.78,Low
320.19,321.8320305289041,314.87509260102945,3030598.35,Low
320.19,325.0296934786852,319.152262296481,1290365.7,Low
320.19,321.70258214874985,319.85961998930253,577302.57,Low
320.19,322.2521072946548,316.6229282604928,1136354.31,Low
320.19,321.5245807441813,318.9528574436098,1793704.38,Low
320.19,321.5608092868597,316.3918505195648,1425165.69,Low
320.19,323.4397728037497,319.66964216185386,812962.41,Low
320.19,321.177458973501,316.8847345442482,3099759.39,Low
320.19,322.4672728486615,317.4927001931836,3125694.78,Low
320.19,323.10542097437485,318.91926186173134,1459105.83,Low
320.19,320.65953116716645,317.0236098439362,43225.65,Low
320.19,322.87265753489567,316.96689741595054,2990574.6,Low
320.19,321.0827941933942,319.4568458272452,3118970.79,Low
320.19,323.51292928786614,315.75176698237243,203961.03,Low
320.19,325.53365910128787,314.3112157067092,2970722.82,Low
320.19,325.48915125007073,316.1378636520333,350608.05,Low
320.19,320.9996073936085,316.05422276851624,2414232.6,Low
320.19,324.1678251988663,315.31681768850376,2248694.37,Low
320.19,325.58748805922403,314.1751214847727,2068107.21,Low
320.19,321.9579221419225,313.89280303726963,417527.76,Low
320.19,325.1454537443199,316.87250736605023,2548072.02,Low
320.19,325.9292528857072,314.1207508907316,3010426.38,Low
320.19,325.4143349489446,317.6843178790817,1040297.31,Low
320.19,321.16296762833804,315.443102806996,821927.73,Low
320.19,320.5653075036943,314.1707104017775,2429921.91,Low
320.19,321.67656471236165,319.7710561131962,2695999.8,Low
320.19,322.1556686561563,314.2695839261908,2300565.15,Low
320.19,324.2588070035412,314.48551028376977,1496568.06,Low
320.19,322.8479581316359,318.6197145163077,581465.04,Low
320.19,324.78944404580244,317.3772722474452,1416520.56,Low
320.19,322.65816036057885,319.1220148289096,725870.73,Low
320.19,321.4496540576829,315.3242168689034,2914689.57,Low
320.19,322.4124730587301,315.1403290911569,381986.67,Low
320.19,325.8900737069032,314.51050292344667,303219.93,Low
320.19,326.34152695477275,317.1841884375381,3034760.82,Low
320.19,321.7726165440996,316.0367616177904,2289038.31,Low
320.19,325.3069241639858,314.7373875092735,927270.24,Low
320.19,322.1731371071013,319.30173273540595,599075.49,Low
320.19,325.9071523289347,319.1448981800814,1337753.82,Low
320.19,321.5173049454634,314.8947271048528,495974.31,Low
320.19,324.5616304209664,317.1810400900219,1918258.29,Low
320.19,321.02249849212177,314.9854657635203,1263149.55,Low
320.19,326.43497716466067,319.8688951401527,3082469.13,Low
320.19,324.7725700217887,319.1700240246176,708900.66,Low
320.19,325.63146865040216,317.6289532334593,1037415.6,Low
320.19,323.9575852596424,317.45061867788417,1636170.9,Low
320.19,323.4108635456113,314.7975522193582,1559325.3,Low
320.19,324.29347993511067,316.76849209534055,3059735.64,Low
320.19,323.7268471479898,314.28527178099364,2709767.97,Low
320.19,323.36574135680456,317.2861147906753,1541074.47,Low
320.19,325.1303891442702,319.4624280365849,1006677.36,Low
320.19,321.59429511147806,317.0837475251181,2992175.55,Low
320.19,321.5515339838772,317.3693928533044,1075838.4,Low
320.19,323.1373522679191,316.5271263676628,2574647.79,Low
320.19,322.46149522953016,315.9773389607022,2808706.68,Low
320.19,320.96113465842086,319.51145817457274,1843974.21,Low
320.19,325.6476191323835,316.1130017681847,3158994.54,Low
320.19,325.2043205508338,319.0651085765901,1355684.46,Low
320.19,323.8191962754164,317.2428269964249,1311178.05,Low
320.19,326.4680185481469,314.4412212357699,1515779.46,Low
320.19,320.9518604908497,319.05560075946505,655428.93,Low
320.19,325.1743070264262,318.59979857799885,561293.07,Low
320.19,322.130683578097,317.29632882068086,2197784.16,Low
320.19,322.752602075358,319.5023972409288,2314653.51,Low
320.19,321.8442002606152,318.12821472881205,1503932.43,Low
320.19,325.31038880687635,319.3985180392673,2761958.94,Low
320.19,321.38769052705936,316.96766265639934,2001827.88,Low
320.19,325.6205239825093,316.3815974558503,864192.8099999999,Low
320.19,324.5349703965475,315.3114683692433,254230.86,Low
320.19,320.8692644051516,314.253181674708,1114581.39,Low
320.19,325.44388657218,317.2074951523227,494053.17,Low
320.19,324.32921095240624,316.05045910018305,2835922.83,Low
320.19,326.01574948921,319.50437794484867,1283961.9,Low
320.19,325.06512451049065,316.9781860408941,1234652.64,Low
320.19,323.923830885321,314.57702450662475,1430608.92,Low
320.19,325.59941679348674,316.26661745647766,1624003.68,Low
320.19,322.20173921023166,317.5878392928698,2960476.74,Low
320.19,323.8376208657382,319.32687049725536,225733.95,Low
320.19,322.2964402211242,316.8366079614784,2050176.57,Low
320.19,326.4003679156821,314.2807773116133,2659498.14,Low
320.19,321.88628007776543,319.42026633458744,1475435.52,Low
320.19,320.6059353122416,316.64019532650724,992589.0,Low
320.19,322.4925637753627,317.2762253972588,142804.74,Low
320.19,323.5672611924995,315.2495280702893,3084710.46,Low
320.19,320.68273903031144,318.95026944999245,3156112.83,Low
320.19,323.9124385505693,318.8283246986903,322751.52,Low
320.19,325.82898543252105,315.5139187684104,3096877.68,Low
320.19,324.7975058252752,315.7332136714639,1293567.6,Low
320.19,324.300086319354,316.7204297805365,1006357.17,Low
320.19,326.3258884662262,319.8420804742143,968574.75,Low
320.19,326.3399877381551,314.66427921198584,1618880.64,Low
320.19,325.5247057377512,313.8628676430022,3102000.72,Low
320.19,324.2074543801751,315.8093397453332,860990.91,Low
320.19,323.47755935180584,314.19241513777973,2509329.03,Low
320.19,320.59120003970736,315.2595615032031,1792423.62,Low
320.19,324.1984509953388,315.70763568237635,1987099.14,Low
320.19,326.5274161061217,317.73285988349056,113027.07,Low
320.19,325.4871977289366,319.3851916648017,1092808.47,Low
320.19,322.58229581758127,319.67409484649795,3128896.68,Low
320.19,321.4351848020305,317.12876934880404,1643535.27,Low
320.19,325.28009682755857,317.0741737669801,2427040.2,Low
320.19,325.03601756497346,317.5204095923627,3000500.49,Low
320.19,326.39332553415335,319.6877700504309,956727.72,Low
320.19,438.1575066398242,318.65707132345256,836597.51,Low
430.57,435.5463514747072,429.0226280853448,877071.09,Low
430.57,431.82915920609656,430.0352176658761,1153497.03,Low
430.57,434.9560066911272,425.07440356461376,3807530.51,Low
430.57,433.5668559087974,429.3299698840276,3647789.04,Low
430.57,435.19249668200325,428.9254804361568,1646930.25,Low
430.57,433.4687392928593,429.3286020633184,275134.23,Low
430.57,438.05099738744366,423.8838322804125,1638318.85,Low
430.57,437.907865765801,422.9126614554325,1916036.5,Low
430.57,433.5813368217069,429.1675962373436,1730891.4,Low
430.57,435.9056430658568,425.1027798429576,2144669.17,Low
430.57,434.51980646559934,425.0698625456951,2722063.54,Low
430.57,438.437703299482,427.8379458060341,1981913.71,Low
430.57,432.5333376832155,425.3249033532672,1519050.96,Low
430.57,436.70856744117447,426.5948256675942,2909361.49,Low
430.57,438.93904559323056,429.2588025146538,4213988.59,Low
430.57,432.4344692287073,422.3001736528795,3547466.23,Low
430.57,432.6528230166456,424.5876288126533,1812699.7,Low
430.57,436.6758027007099,422.33524942033824,1586650.45,Low
430.57,437.3746958003711,428.9039339961823,339719.73,Low
430.57,435.01366842392986,423.6425937641801,50376.69,Low
430.57,435.9883113246695,426.69836169077377,4070178.21,Low
430.57,432.7404886304801,422.53382567912985,2805594.12,Low
430.57,434.89966997949045,424.5192737687992,1949190.39,Low
430.57,431.9174110052179,428.9354945289148,762108.9,Low
430.57,433.63006812895287,429.87376099860273,238105.21,Low
430.57,433.33030435430834,429.1117357959517,826694.4,Low
430.57,434.63797448468665,424.3090360903029,4207960.61,Low
430.57,438.6097756480341,430.0531892110543,3974161.1,Low
430.57,432.4834899285289,426.2268294288284,4063289.09,Low
430.57,434.28425900963487,425.6149947805199,114962.19,Low
430.57,436.03666619800873,423.4944069974338,3617649.14,Low
430.57,438.7441926064668,426.48591345114295,1348114.67,Low
430.57,432.0898327197616,430.0945442787744,1471257.69,Low
430.57,438.5095625645958,428.3496101815387,1316252.49,Low
430.57,431.6636572656712,429.750396411302,1489772.2,Low
430.57,434.9334336441306,422.11442513724734,697953.97,Low
430.57,434.7194924235352,424.916605410657,1441117.79,Low
430.57,432.7152942924805,430.12372257976966,2668242.29,Low
430.57,433.84307847671215,429.8242292097478,74058.04,Low
430.57,434.7160188522626,428.2944725860471,2965766.16,Low
430.57,438.0787178921231,423.76774538403873,156296.91,Low
430.57,438.8137874123964,426.87512187701645,3335195.22,Low
430.57,435.2458127595653,426.0051452125393,2004303.35,Low
430.57,438.1187084674344,423.0015840343288,1477716.24,Low
430.57,435.9759183532522,422.84832312585394,2215282.65,Low
430.57,433.856394199953,426.6393583089595,347039.42,Low
430.57,432.5892397994705,423.920694540542,353497.97,Low
430.57,434.3803553350436,428.2236775143094,3417003.52,Low
430.57,435.2777065784719,428.7062598469439,3122063.07,Low
430.57,431.3641538039754,422.1525324115108,1682667.56,Low
430.57,432.1936717849912,424.9184160262947,1847145.3,Low
430.57,435.9105767412401,424.76227300658377,719482.47,Low
430.57,432.8412697957828,422.9579875291356,2001289.36,Low
430.57,437.8505947372372,429.9182661531611,2907639.21,Low
430.57,433.6752289652202,427.8006256998772,1000214.11,Low
430.57,431.8582008277237,424.25602235267456,441334.25,Low
430.57,431.68391954477096,426.42023496340937,1601720.4,Low
430.57,438.667014120057,422.4259793296159,3650803.03,Low
430.57,431.9660741028169,426.4533566424601,1767059.28,Low
430.57,432.1533288259499,429.100201019672,962754.52,Low
430.57,438.057894366718,422.71696076365726,2637241.25,Low
430.57,433.0808579648168,430.0975705535178,4178251.28,Low
430.57,436.4486052796421,423.9321148396296,3769640.35,Low
430.57,437.6820640022247,430.0712210355071,2306563.49,Low
430.57,435.9678115961962,426.3499464507736,1002797.53,Low
430.57,438.8336210008944,428.4578873907361,1735627.67,Low
430.57,436.7998204887601,422.354037976046,3027337.67,Low
430.57,431.9229709347651,426.8937634480253,2373732.41,Low
430.57,435.56882749746734,429.8862102076158,860709.4299999999,Low
430.57,436.8759318782262,423.7846072865643,1942301.27,Low
430.57,437.5612458507643,427.5495105350607,3596120.64,Low
430.57,431.2159003693322,424.9081300276253,835305.7999999999,Low
430.57,436.8815961964199,426.8243281911807,593756.03,Low
430.57,437.7553244310206,426.5520207631904,54682.39,Low
430.57,437.1102904455144,427.981356147894,243702.62,Low
430.57,435.1920112612536,423.6902149470261,1037243.13,Low
430.57,434.7475616354658,426.3458115026658,4085678.73,Low
430.57,435.4952700288167,429.8153259971061,540795.92,Low
430.57,436.7651403106716,422.41045039609935,3324430.97,Low
430.57,438.5507749162349,426.07420554571473,653174.69,Low
430.57,436.04843016226926,426.1637761131192,1379976.85,Low
430.57,438.26379152787297,427.3051760847837,631646.19,Low
430.57,436.73743305528944,424.9433935329856,3754139.83,Low
430.57,431.5596182866431,426.8544782038243,4198918.64,Low
430.57,435.0977602816109,424.0080668549089,4234655.95,Low
430.57,433.3442661128877,422.96825698385015,2983419.53,Low
430.57,433.3335376073147,426.13302014109627,996338.98,Low
430.57,433.9123527888143,424.8010103627837,439181.4,Low
430.57,433.5753453031646,427.7216921029338,1340364.41,Low
430.57,435.7340798836414,425.0231160278189,2500750.56,Low
430.57,436.59299766213735,424.9426445121056,134337.84,Low
430.57,433.1991630482789,425.95105017465136,813777.2999999999,Low
430.57,432.0621359555861,428.8317565735931,2583420.0,Low
430.57,431.4816741484822,424.2057932814413,1515606.4,Low
430.57,435.7107061472112,427.5243122619939,278578.79,Low
430.57,432.523269248642,426.9635107962434,169644.58,Low
430.57,431.07622626858506,423.17309450721103,892141.04,Low
430.57,438.59036022392377,424.5672617237444,562754.99,Low
430.57,435.3948244546488,429.4631134446733,3678790.08,Low
430.57,431.7568728464098,425.5141597914477,3785571.44,Low
430.57,437.8963643217259,429.4283513204438,3573731.0,Low
430.57,439.0439844574859,424.8590601808373,2053388.33,Low
430.57,434.6704957538544,426.9108465251064,1656833.36,Low
430.57,431.34817026176296,423.4884237414268,3190093.13,Low
430.57,431.9621933585154,423.7569197169353,1237888.75,Low
430.57,434.1228144201693,421.9609857036667,1065660.75,Low
430.57,438.2448801581209,427.6919688575565,3311513.87,Low
430.57,432.2116492685959,428.7071401352501,2067597.14,Low
430.57,437.7414928807201,428.6233729958804,1728307.98,Low
430.57,431.12308823888753,425.2397755861027,2470180.09,Low
430.57,434.7423891886879,427.40258117253455,2705271.31,Low
430.57,436.2722734626026,422.7206048019145,1925078.47,Low
430.57,431.4945242779394,429.4902300036149,2933473.41,Low
430.57,436.0298395531258,423.8825936805455,705704.23,Low
430.57,438.72657956904175,426.133190463816,701829.1,Low
430.57,432.3116291624511,424.9246954236781,3538854.83,Low
430.57,436.9693966906771,425.33053978546,301399.0,Low
430.57,435.98346363311344,425.8014745052592,2835734.02,Low
430.57,432.5149757076349,424.42636900805405,657480.39,Low
430.57,431.0513190811568,425.67509921247074,3509145.5,Low
430.57,431.0765245112324,422.5928458615289,1433367.53,Low
430.57,435.3535275437268,425.6262494549627,934336.9,Low
430.57,438.71328807712047,422.61580098627394,2636380.11,Low
430.57,436.2714675405295,423.54293980622776,542518.2,Low
430.57,436.8441356115552,423.2057850670295,2184712.18,Low
430.57,435.0407995913642,422.7988737125005,2516251.08,Low
430.57,435.7609045185732,428.4823503392972,3863504.61,Low
430.57,432.0343612422504,427.33704890518754,1236166.47,Low
430.57,438.17369043599206,422.7818045875503,493433.22,Low
430.57,437.2244851603762,428.91872915708086,2057694.03,Low
430.57,439.16666593939976,426.1296379617547,1834228.2,Low
430.57,433.4361908210514,429.2824999337936,2792246.45,Low
430.57,432.8577637980423,428.8914705083235,2052957.76,Low
430.57,432.0244962462999,425.32182686385454,1271903.78,Low
430.57,438.8886061032172,426.8989908381226,1961676.92,Low
430.57,437.3888589449605,426.6732767479502,1899674.84,Low
430.57,432.361243389656,425.9824929755514,267814.54,Low
430.57,435.5220040634362,424.7341272757008,2293646.39,Low
430.57,434.385537369603,426.0545004557767,129601.57,Low
430.57,432.23985127724114,427.3434481870838,3870824.3,Low
430.57,432.32646153812266,428.5620966457389,382776.73,Low
430.57,438.88255423711126,426.3396542229892,160172.04,Low
430.57,433.4954301368661,427.0670945182293,4030565.77,Low
430.57,438.7023248005868,423.4684111022058,753928.07,Low
430.57,431.619128062531,430.0142863260489,3958660.58,Low
430.57,434.7703213524834,425.4731026712444,3675345.52,Low
430.57,432.0609614006773,425.0799198912396,71905.19,Low
430.57,431.0397347848025,422.0576163153031,1473841.11,Low
430.57,435.53083610875694,422.8964158488714,4296227.46,Low
430.57,431.9323183094639,425.905300129904,2728522.09,Low
430.57,436.90732994339817,427.77913412972873,890849.33,Low
430.57,436.7117413898743,430.05610825371673,3277498.84,Low
430.57,432.44311953937273,428.16964338412447,1492355.62,Low
430.57,438.7048023778908,423.2067051480784,4043482.87,Low
430.57,436.8993035470068,422.1773861383167,345317.14,Low
430.57,433.43821407612296,424.40422442799513,309149.26,Low
430.57,436.8026908531416,425.1994013779502,1766628.71,Low
430.57,436.9883671735655,425.1799316292573,3098812.29,Low
430.57,433.8002654374878,424.8226461703287,2527876.47,Low
430.57,434.0731961794416,430.124793524502,2692354.21,Low
430.57,433.9383592910053,427.1128631911541,3953063.17,Low
430.57,436.04502066156414,427.4456559336764,336705.74,Low
430.57,438.3666723391203,422.1391248285721,2284604.42,Low
430.57,432.4174344227359,430.1334849987902,4137777.7,Low
430.57,438.16042922413726,424.115519049016,4135624.85,Low
430.57,431.2267957723336,426.823846673961,4026260.07,Low
430.57,436.4026877961365,429.6096363851975,3408392.12,Low
430.57,434.3910239669565,427.1865360078328,3335625.79,Low
430.57,437.4739098609501,429.0935206183048,43918.14,Low
430.57,436.9005691582085,429.83379448975,3097951.15,Low
430.57,434.9282503519276,424.54821668443753,2659200.32,Low
430.57,436.2679122275413,429.9374896961067,51668.4,Low
430.57,435.10549068082406,430.0415536989888,2536057.3,Low
430.57,437.6394646500176,426.6545271127175,3711943.97,Low
430.57,434.8953321549285,429.0712970685727,3523784.88,Low
430.57,435.2804202176069,426.4897358198644,3198704.53,Low
430.57,433.0500363289792,427.1449654709784,2622601.87,Low
430.57,435.9503240632136,429.3027163619339,2503333.98,Low
430.57,433.4785827459104,424.9060943434481,3888908.24,Low
430.57,435.7232323846936,424.82416324666303,168352.87,Low
430.57,432.38867781823177,424.8654296676716,1245639.01,Low
430.57,432.3051595346973,423.0660388747895,4263934.71,Low
430.57,434.4122194176357,430.084015178522,3820447.61,Low
430.57,434.49230789380175,429.9125345083314,2162322.54,Low
430.57,433.1939263176745,425.8595037334789,3444560.0,Low
430.57,432.0771414613853,426.3270361877309,196339.92,Low
430.57,431.32134475551726,422.03576588104096,2886110.71,Low
430.57,431.206987289631,427.2144881953319,1299460.26,Low
430.57,433.2220767589936,426.95623473352,3317972.42,Low
430.57,434.7789144952416,423.302658263328,2447359.88,Low
430.57,436.9418428230076,425.0420188144752,2097306.47,Low
430.57,434.8854146553522,429.5579765178829,1738641.66,Low
430.57,438.3964560651607,429.6677291109795,2759953.7,Low
430.57,431.28869723386464,425.81543755356665,474057.57,Low
430.57,432.4785238325183,426.8935028410101,4224322.27,Low
430.57,433.7698995178888,424.1229913015506,819374.71,Low
430.57,435.7249681402088,425.0013600385467,1746822.49,Low
430.57,437.9766595425835,430.136922271187,4268240.41,Low
430.57,433.86551263462496,430.00135675459234,3630135.67,Low
430.57,433.1929398534926,423.2698685371988,1205596.0,Low
430.57,431.506874769145,428.7929866208877,1009686.65,Low
430.57,437.719514129457,425.479665901597,2654033.48,Low
430.57,434.10655662857846,422.4453854837873,1602150.97,Low
430.57,435.6763249851727,422.2317853645711,544240.48,Low
430.57,439.0468696716376,423.2327418891754,2489986.31,Low
430.57,431.0136149110368,422.8673000008116,4156722.78,Low
430.57,432.1904728745335,422.73529822382153,1155649.88,Low
430.57,437.3743445932033,429.5131399344535,711301.64,Low
430.57,437.5871810848128,423.1264722121083,3135841.31,Low
430.57,437.2936499087968,426.7383961415296,176533.7,Low
430.57,435.39366663780993,429.7903895347405,569644.11,Low
430.57,439.00843255606287,425.7776478689594,533906.8,Low
430.57,434.2416885339465,429.1846940430289,886543.63,Low
430.57,435.9249690638347,429.492207964762,3303763.61,Low
430.57,431.51898105348334,426.3142471733303,2440901.33,Low
430.57,434.35354412192544,427.564358438264,864584.5599999999,Low
430.57,436.9112203909037,422.9295198790674,2948973.93,Low
430.57,432.9536518707421,427.5576349601243,1432506.39,Low
430.57,438.7218630555173,423.41007311808846,3758014.96,Low
430.57,436.6190279775172,430.0994158033645,306135.27,Low
430.57,433.3531753193427,422.374116342454,2429275.94,Low
430.57,437.2916194568397,429.6949734855244,3842837.25,Low
430.57,431.6809268601509,427.9888259661628,558879.86,Low
430.57,438.9750338389063,429.9358372068312,2932181.7,Low
430.57,431.40376432598674,422.291110341683,2586864.56,Low
430.57,438.6370139579862,429.71660283354765,72335.76,Low
430.57,433.06912458869925,427.2842954472948,3900103.06,Low
430.57,437.20020019492085,424.7086653715234,906780.42,Low
430.57,431.0011729225334,427.5050735106116,2316466.6,Low
430.57,433.0804649487631,430.0781822480967,3054894.15,Low
430.57,437.1288347158983,428.1713470044594,1648221.96,Low
430.57,435.355520898879,424.292650955354,4207960.61,Low
430.57,431.94097399431575,427.0447984893274,1400213.64,Low
430.57,434.220788033638,423.428815097243,3879866.27,Low
430.57,434.0728754305563,424.0939604808664,353497.97,Low
430.57,435.6486087320628,425.3455734566693,2170072.8,Low
430.57,436.4651768736947,429.3665434257583,1941009.56,Low
430.57,437.87925927203344,422.1058597724944,1320988.76,Low
430.57,435.0683355293344,425.8798938721056,1724002.28,Low
430.57,434.2076330255816,428.0109475007867,883529.64,Low
430.57,432.1784175494236,425.21346888510845,1093647.8,Low
430.57,437.5846898566769,424.3573844483769,4274268.39,Low
430.57,436.8365320137276,426.3148551747847,2750050.59,Low
430.57,434.3438903134192,424.8887198401188,917975.24,Low
430.57,435.2417765941482,429.2555721600325,2465443.82,Low
430.57,436.4423177690501,422.988848317744,3456185.39,Low
430.57,432.3488165135924,424.5705334234489,384068.44,Low
430.57,431.22307053242616,423.8157550849723,2431859.36,Low
430.57,433.5980137874174,429.2089828068446,3810975.07,Low
430.57,435.8729497961901,425.8911030351295,464154.46,Low
430.57,434.9814117097381,424.47342984150697,589019.76,Low
430.57,436.6662416680807,425.86672279622655,3703332.57,Low
430.57,437.7063129521383,429.3278180810348,3083311.77,Low
430.57,434.996434785101,429.6431874676232,406027.51,Low
430.57,432.0989856956416,425.0999058988575,3066950.11,Low
430.57,437.9594130595954,423.6201980492396,3842837.25,Low
430.57,435.7044681190739,421.9861772433599,4221308.28,Low
430.57,437.0538727409129,425.4909394131288,2142946.89,Low
430.57,436.7653117381783,428.2619512173781,1597414.7,Low
430.57,438.9213459052598,426.8255674942661,2013775.89,Low
430.57,433.4164290017845,429.2670291537939,1823033.38,Low
430.57,436.77056480595576,426.75362441511817,932614.62,Low
430.57,433.99210591632647,423.2661643111918,3416572.95,Low
430.57,434.23535788801286,426.9472724909673,1533259.77,Low
430.57,432.8870255214168,429.71620641101134,1722280.0,Low
430.57,433.8148587652698,428.78213687140914,1461785.15,Low
430.57,438.75842451486847,424.66091055834056,2220449.49,Low
430.57,433.3940423618344,424.4846315726184,164477.74,Low
430.57,433.0129773289278,428.5192841137599,2973085.85,Low
430.57,435.771122668438,423.511799767508,672119.77,Low
430.57,433.1115182959916,427.8417978209873,79655.45,Low
430.57,434.8732581455136,425.59321814541954,4010759.55,Low
430.57,437.82482414492296,427.6221424508693,4031857.48,Low
430.57,432.8854358032936,424.4691574963181,2744022.61,Low
430.57,434.4912599055366,427.0660957501967,1279223.47,Low
430.57,435.9948827389439,423.90721707159145,459418.19,Low
430.57,435.4642674750185,426.1846032857176,2990308.65,Low
430.57,438.9746151023437,424.90148806417136,2058555.17,Low
430.57,436.5665633882639,422.56354670901806,1231430.2,Low
430.57,437.0539444153371,426.577948355244,454681.92,Low
430.57,438.9110722278047,425.6346970681132,2507209.11,Low
430.57,434.3910170299303,428.5922895137252,1477285.67,Low
430.57,433.90787185244585,424.466578538571,2201504.41,Low
430.57,431.3594010813057,428.39930652226826,3603440.33,Low
430.57,432.5075141168985,424.4949991974466,1547468.58,Low
430.57,432.9409780575773,422.5870232975454,4109360.08,Low
430.57,432.5017888493512,422.4388074461105,3815711.34,Low
430.57,437.1753287169792,423.5798099257588,1663722.48,Low
430.57,435.3845375697131,425.7287797098552,3616357.43,Low
430.57,436.46236863198544,423.2902875427921,1510439.56,Low
430.57,437.7126314592596,426.3945757145666,1148760.76,Low
430.57,432.88849238208985,427.0559303581361,2711729.86,Low
430.57,433.66689834460993,424.3937457028945,366415.07,Low
430.57,436.795544923381,428.4433467418478,1749405.91,Low
430.57,434.2136641674237,429.5317617150626,2123140.67,Low
430.57,431.2400305849068,427.1450284044273,1731752.54,Low
430.57,434.5588647044716,427.35275015283815,369429.06,Low
430.57,438.4309977135399,429.1534428018151,3287832.52,Low
430.57,434.3467054526843,423.148401133271,1109148.32,Low
430.57,433.7186419031023,424.6734265306107,298385.01,Low
430.57,439.0957064843091,429.9284368759896,842194.92,Low
430.57,436.2724241803771,425.7204764904259,2851665.11,Low
430.57,433.9947376348962,428.8811922741024,1070397.02,Low
430.57,431.83517444276697,425.9572249686988,443917.67,Low
430.57,437.445832374701,423.829943924705,2784496.19,Low
430.57,436.7932106581247,426.76030858608647,3979327.94,Low
430.57,438.5426064279666,425.2565798126917,2921417.45,Low
430.57,432.778064992402,425.6691060159847,3005378.6,Low
430.57,431.94074657011424,425.4141346543158,447792.8,Low
430.57,436.9240842462231,426.22803500248114,993755.56,Low
430.57,432.66451680609816,428.7729698909271,248008.32,Low
430.57,432.4412455593034,428.1628247355403,2215713.22,Low
430.57,433.6168594436282,422.82536428371566,587728.05,Low
430.57,437.682877622161,424.1002882220132,3218080.18,Low
430.57,435.4144272451791,422.0987716619616,340580.87,Low
430.57,431.3756639605314,429.6966010483576,2860707.08,Low
430.57,434.7956134712932,427.54960743017705,1099245.21,Low
430.57,436.5960909240552,422.2916604826771,378471.03,Low
430.57,435.40487067248046,426.5449466423704,3145313.85,Low
430.57,435.6836879182017,425.1954480889169,1600428.69,Low
430.57,432.83943511143457,425.4784721414321,2367273.86,Low
430.57,437.9357813560952,428.9884739096018,3614204.58,Low
430.57,435.59327747083097,424.1583900214712,2915820.04,Low
430.57,436.8355143808636,429.66238454500217,3400211.29,Low
430.57,439.03303424246894,425.73844703839626,3603440.33,Low
430.57,434.5035904246635,425.6183942357348,3498381.25,Low
430.57,438.2084261769824,428.48814214149405,3824322.74,Low
430.57,431.06013473728,424.0003369830155,2646713.79,Low
430.57,431.2738693816445,422.8079598163155,3914742.44,Low
430.57,435.8295496920768,422.1298411371799,3783849.16,Low
430.57,433.5484845585335,429.9200452043208,1691278.96,Low
430.57,433.0316783877718,427.6056231905814,101183.95,Low
430.57,433.2743119083157,422.573603602406,682022.88,Low
430.57,433.6053702795504,429.72625385100525,1868673.8,Low
430.57,436.96396718104097,427.9140381355725,1126801.69,Low
430.57,435.6570654855061,425.77586891304935,3250803.5,Low
430.57,437.45553915539256,424.0840030362903,184714.53,Low
430.57,437.792267086212,428.2737391930106,3458768.81,Low
430.57,437.89647678501774,427.6823652580085,1664583.62,Low
430.57,434.3927032948944,428.54794418201135,1726155.13,Low
430.57,434.4469360387872,426.5148146540862,3003656.32,Low
430.57,438.5781937002305,426.013460706508,4239392.22,Low
430.57,436.41434546764754,422.7830070212826,2535196.16,Low
430.57,431.6588583527121,423.8340194418825,3131105.04,Low
430.57,435.43610929964825,424.2873137496676,1230999.63,Low
430.57,433.9130048698391,425.454516062374,2992461.5,Low
430.57,439.0786077869213,427.451371221421,3519479.18,Low
430.57,431.1122825588489,429.5661424644175,1190526.05,Low
430.57,436.0087176518418,428.0221689807291,3849295.8,Low
430.57,436.92040751935104,428.5467266307574,3121632.5,Low
430.57,433.3640671823234,428.2750411048409,224757.54,Low
430.57,438.9657657417986,428.28422324879887,325510.92,Low
430.57,438.0322930244381,426.61720079120846,3466519.07,Low
430.57,438.491370231122,427.0248662909663,3698596.3,Low
430.57,431.15790420810487,427.3821077327517,760817.19,Low
430.57,435.6625971916407,422.9301752380404,3137994.16,Low
430.57,433.411053538889,428.48086967672106,2513667.66,Low
430.57,437.9463289275407,428.80060712890736,1979760.86,Low
430.57,436.1778054587796,429.51766323947,128740.43,Low
430.57,435.4090311632602,422.573306294278,4055538.83,Low
430.57,431.9379963361273,428.5495159214178,589019.76,Low
430.57,435.420040928079,425.4578028998385,1732183.11,Low
430.57,436.170070397637,427.08210805203566,1599136.98,Low
430.57,438.8207260973742,425.5966171402027,3943160.06,Low
430.57,975.416644154932,424.8827040192061,8180225.12,Medium
963.74,982.4178704626008,947.3935591031344,9257686.44,Medium
963.74,982.3117672792404,953.4877361677684,1135285.72,Medium
963.74,976.6095973614692,956.7841356965596,676545.48,Medium
963.74,973.9674514516654,959.4604946522084,2541382.38,Medium
963.74,973.2370921125034,951.6647971114124,7421761.74,Medium
963.74,981.0075152553048,960.3591197246976,372003.64,Medium
963.74,965.2211498172968,947.1055238856842,2792918.52,Medium
963.74,966.7876887425016,962.26740501823,3696906.64,Medium
963.74,966.5727815562044,947.2979238691312,2250332.9,Medium
963.74,978.5640281544112,958.761621952193,7357191.16,Medium
963.74,970.9231102768252,953.8430657463869,8817257.26,Medium
963.74,976.3856203008596,949.399651578455,3575475.4,Medium
963.74,975.7596449792356,948.417333962978,7688717.72,Medium
963.74,971.7686591036338,955.4192461714754,5264911.62,Medium
963.74,974.437308456044,953.6307139431246,3170704.6,Medium
963.74,976.5169103965426,962.2347532826532,6181428.36,Medium
963.74,981.9335379474184,956.476778188188,6910979.54,Medium
963.74,975.244210046202,957.9864740222137,3207326.72,Medium
963.74,975.9534603700404,955.6336817798212,928081.62,Medium
963.74,965.9462519493228,957.266583442475,2062403.6,Medium
963.74,982.1398209170212,959.8512548709748,2768825.02,Medium
963.74,974.3734798668644,945.5321796359982,1723167.12,Medium
963.74,979.3759056674602,954.9157095074538,1141068.16,Medium
963.74,965.6246226747556,951.097416271612,2656067.44,Medium
963.74,972.41105075009,945.8062812294264,5219615.84,Medium
963.74,969.4092330510724,952.2936576278486,3108061.5,Medium
963.74,969.5923516994408,960.4507706688212,5419110.0200000005,Medium
963.74,979.1960967365384,948.3364994596996,574389.04,Medium
963.74,976.1274010384014,948.5913396982404,5714014.46,Medium
963.74,972.7559427898732,955.3674267651512,1601735.88,Medium
963.74,964.8975761127108,952.8993909744732,5738107.96,Medium
963.74,982.3725934589522,954.996146875338,2948080.66,Medium
963.74,982.319405513592,958.6701063505224,6720159.0200000005,Medium
963.74,968.6873515755703,948.806354778098,4697268.76,Medium
963.74,965.4608359042708,949.1448655673254,4465007.42,Medium
963.74,974.4122523480728,950.9279807398082,4654864.2,Medium
963.74,982.12508051109,954.4329996390388,4114206.06,Medium
963.74,981.3740529555524,954.265168847259,9248049.04,Medium
963.74,975.4095367804506,957.3114367848108,2896038.7,Medium
963.74,970.2620412172512,957.9105610789226,1875438.04,Medium
963.74,970.7456735403508,947.2306938145084,4231782.34,Medium
963.74,981.1454889160738,947.0402070509276,5501991.66,Medium
963.74,973.7088269835652,962.4952790191824,1416697.8,Medium
963.74,967.1046171355912,949.5995050061769,992652.2,Medium
963.74,969.2526737960814,956.7350363807284,6109147.86,Medium
963.74,969.7721480484656,945.9420356287214,6944710.44,Medium
963.74,966.9660107605893,958.3427833480388,6950492.88,Medium
963.74,973.1825734526992,956.6346729966708,168654.5,Medium
963.74,981.477603144478,949.0917439335004,6739433.82,Medium
963.74,976.9498572716838,961.4194221718192,2782317.38,Medium
963.74,966.0308143753564,949.8113145314176,8555119.98,Medium
963.74,964.8043559385928,950.4221755789272,4838938.54,Medium
963.74,969.7621276138896,957.209301400817,2002651.72,Medium
963.74,971.345032090588,949.7246982368551,7967238.58,Medium
963.74,978.9268497948956,946.2427515652364,8915558.74,Medium
963.74,982.4106361690204,948.055244070271,4517049.38,Medium
963.74,971.8005057665888,953.294017793266,7141313.4,Medium
963.74,977.2777623373782,960.3510424649184,2200218.42,Medium
963.74,982.9214485196546,946.4365827553548,7944108.82,Medium
963.74,978.3576855573305,953.8090028644998,5187812.42,Medium
963.74,976.353045004684,955.307590089234,9030243.8,Medium
963.74,966.13337333935,952.7463186820252,4441877.66,Medium
963.74,970.6221529419888,958.8659766131776,4307917.8,Medium
963.74,981.4289186170384,956.6202435380436,8709318.38,Medium
963.74,968.384363435388,949.3083738709892,9173841.06,Medium
963.74,980.1507736840732,952.4584467815072,9132400.24,Medium
963.74,977.4541647769304,948.8181261456316,5327554.72,Medium
963.74,971.4115275337442,948.8238804541332,8594633.32,Medium
963.74,974.3934818031646,948.9774224194682,8956999.56,Medium
963.74,974.6431018177208,960.1360135525372,8459709.72,Medium
963.74,977.7788217017152,950.8703822159276,7663660.48,Medium
963.74,974.1624268308238,953.9836565812776,7470912.48,Medium
963.74,967.1405024408218,961.6393088465232,8690043.58,Medium
963.74,978.8665148975182,947.4855400851987,1656669.06,Medium
963.74,972.1430200671978,958.7530422540324,7029519.5600000005,Medium
963.74,982.339010009304,962.5393098066212,4844720.98,Medium
963.74,969.8951778783946,950.9942485658734,2847851.7,Medium
963.74,969.5209913307376,959.6248293013572,4597039.8,Medium
963.74,970.810613932652,961.6463454113928,5522230.2,Medium
963.74,975.1834712182394,945.6779243512854,6072525.74,Medium
963.74,981.0897535050046,960.0574594688268,1847489.58,Medium
963.74,967.9316436895022,953.253605485394,9132400.24,Medium
963.74,969.8249552435672,956.0506206352272,4764730.56,Medium
963.74,975.3549145086712,961.957012228656,2086497.1,Medium
963.74,973.023081568274,957.0201092789756,2118300.52,Medium
963.74,972.8946962279128,956.3587757217282,8730520.66,Medium
963.74,979.7322543173028,953.7408929074732,2057584.9,Medium
963.74,981.6209310299838,949.835200802245,4302135.36,Medium
963.74,973.5169807341236,944.465603726266,1094808.64,Medium
963.74,977.2898799675428,953.280670359863,7622219.66,Medium
963.74,979.3719741211452,945.5134511092464,3845322.6,Medium
963.74,974.195578442584,953.1180735787432,3771114.62,Medium
963.74,970.0929854233364,951.9053074618024,8292018.96,Medium
963.74,976.3877453539686,960.22979528523,7374538.48,Medium
963.74,975.4177078422504,952.3238345743124,6767382.28,Medium
963.74,981.2123108860212,958.0050932614134,6988078.74,Medium
963.74,965.6633683947148,957.7581428141024,9171913.58,Medium
963.74,981.3692104376844,954.8315002052924,5763165.2,Medium
963.74,974.4897569336576,950.8056193522956,5577163.38,Medium
963.74,964.990786301557,951.4722984642616,1937117.4,Medium
963.74,971.0156022775476,957.168028211958,5252383.0,Medium
963.74,977.9670553481347,962.2497873256076,4378270.82,Medium
963.74,973.6474675791784,958.3075084285606,1446573.74,Medium
963.74,982.6514909441242,954.4844435131904,3424168.22,Medium
963.74,972.4421784185248,946.1220684454188,5930855.96,Medium
963.74,970.6847772877956,951.5998692496978,4982535.8,Medium
963.74,979.749424091656,946.7081597411805,6582344.2,Medium
963.74,974.7364924463468,951.8989878466472,6990969.96,Medium
963.74,977.1978629288092,954.6613944893406,5883632.7,Medium
963.74,979.4570038539664,956.75957878471,5304424.96,Medium
963.74,976.9982900827588,945.0128249909028,3878089.76,Medium
963.74,972.4384689811588,954.0190191844488,6006027.68,Medium
963.74,966.9888952451794,956.1980723389078,1481268.38,Medium
963.74,975.3286989929773,946.1547945085208,3174559.56,Medium
963.74,981.1366954917391,947.9101630084108,7545120.46,Medium
963.74,972.3741043555244,951.9958162127924,6575598.0200000005,Medium
963.74,981.3800844187214,952.4110238403728,4459224.98,Medium
963.74,973.9238681197048,953.669242984206,5298642.5200000005,Medium
963.74,976.072007100378,961.0125816906674,6476332.8,Medium
963.74,979.9566419643636,950.1874572524208,1063968.96,Medium
963.74,975.0421115504578,955.8998428693906,4553671.5,Medium
963.74,966.3694850300016,962.4645640757732,287194.52,Medium
963.74,982.6665126668202,949.4814107473744,4119988.5,Medium
963.74,969.205501318284,960.4085115361728,5542468.74,Medium
963.74,977.7138457028672,948.1655605139648,4130589.64,Medium
963.74,973.9529024813356,958.0233391592712,9308764.66,Medium
963.74,973.4705744791272,952.0385148611832,7847734.82,Medium
963.74,969.1705549707208,952.343275030912,2867126.5,Medium
963.74,977.9270859997804,959.5375795465104,3503194.9,Medium
963.74,966.769012684616,954.737020743338,5698594.62,Medium
963.74,982.8399899749166,947.7788121263096,3470427.74,Medium
963.74,980.183425560382,944.9782810175026,5196486.08,Medium
963.74,974.4911652709824,962.4436380043536,7218412.6,Medium
963.74,972.4777546515556,960.0908664556018,9471636.72,Medium
963.74,969.9492110728504,951.4702869640485,1418625.28,Medium
963.74,973.8884115198848,962.7302423596616,473196.34,Medium
963.74,980.8068059121722,948.8966593113952,2283100.06,Medium
963.74,969.739398703614,952.1006756464795,1835924.7,Medium
963.74,973.8691114403916,950.4553970354276,7337916.36,Medium
963.74,968.9985973297436,951.3457475324666,2782317.38,Medium
963.74,970.8772976492658,951.8076825517572,9565119.5,Medium
963.74,968.1876115945256,960.9009805360586,2977956.6,Medium
963.74,982.8415626122426,958.4690455224448,4545961.58,Medium
963.74,975.1684640320208,954.2814398781072,7656914.3,Medium
963.74,978.1223617051434,956.6532155646586,8518497.86,Medium
963.74,966.502800060215,948.4375917066056,5784367.48,Medium
963.74,971.407740426464,950.4112955543718,4834119.84,Medium
963.74,981.0489209919876,957.0729072490276,1935189.92,Medium
963.74,966.2498952614484,945.3608078988044,3877126.02,Medium
963.74,967.7339133231204,950.9795072595724,5196486.08,Medium
963.74,976.1557993881968,947.2736557666976,8558974.94,Medium
963.74,976.1076666383822,946.2123445186404,4843757.24,Medium
963.74,980.0525657046188,959.157385584444,7236723.66,Medium
963.74,981.8336041288154,955.4933802495724,4711724.86,Medium
963.74,967.3036628707006,961.659853768253,9248049.04,Medium
963.74,969.453149553477,960.0694981922488,8639929.1,Medium
963.74,972.5310114473336,952.0191304226464,5651371.36,Medium
963.74,964.7202801153768,953.3070028681456,1323215.02,Medium
963.74,965.982113890353,954.7647420011706,1849417.06,Medium
963.74,968.8510353798548,949.6479186650116,417299.42,Medium
963.74,973.5132269292112,957.9072291370588,159017.1,Medium
963.74,969.3093879499698,955.187294332312,6948565.4,Medium
963.74,980.7567147294096,945.5965255740398,6237325.28,Medium
963.74,970.6415200804222,952.392234825581,2742804.04,Medium
963.74,981.6345637905124,950.2984903123122,9274070.02,Medium
963.74,982.5531280185488,949.1254166155028,2908567.32,Medium
963.74,972.9411815390738,954.596446851862,8712209.6,Medium
963.74,968.8627093939726,954.887682240773,6329844.32,Medium
963.74,970.0444560690768,954.1663201681006,8266961.72,Medium
963.74,978.9192326248872,946.9917655593472,846163.72,Medium
963.74,969.7090629003726,956.1180726454307,6331771.8,Medium
963.74,971.6726157294604,946.5658070160748,5499100.44,Medium
963.74,973.4669712592128,962.0270294268614,6726905.2,Medium
963.74,975.234634160349,958.1465802174112,2130829.14,Medium
963.74,982.9433949283824,946.3441195131552,5917363.6,Medium
963.74,968.955746759386,945.6962344778968,8015425.58,Medium
963.74,971.1753026355992,958.9735121050636,1542947.74,Medium
963.74,969.5175561157102,958.7998345377628,7811112.7,Medium
963.74,971.3161098051892,948.9652178397356,1526564.16,Medium
963.74,966.5495775571284,956.1574446508396,1086134.98,Medium
963.74,971.2922382365368,959.0104828673116,9197934.56,Medium
963.74,980.9614898630464,958.6153390955278,97337.74,Medium
963.74,970.1712366193073,957.2063237946462,1704856.06,Medium
963.74,971.5142600699032,947.5233677455436,6059033.38,Medium
963.74,981.998063093473,954.419501306176,8094452.26,Medium
963.74,978.0411315044812,960.4491327988918,7759070.74,Medium
963.74,974.165773611356,955.9730405873286,4178776.64,Medium
963.74,978.9349626813593,956.858715153723,2369836.66,Medium
963.74,966.9592899409536,961.3827571303292,3298882.02,Medium
963.74,973.209050727248,947.7009192917346,9588249.26,Medium
963.74,966.86876884745,949.384456230133,8412486.46,Medium
963.74,968.9815358705424,954.8006562804784,8459709.72,Medium
963.74,967.3014799051394,949.9302666678602,3001086.36,Medium
963.74,971.3287041985004,956.5741316944834,2726420.46,Medium
963.74,971.691960494129,945.6401105919964,9587285.52,Medium
963.74,982.0499642804634,953.6064159446696,2076859.7,Medium
963.74,969.5401621113188,960.7400165759404,5076982.32,Medium
963.74,973.3544129323216,954.0751750904034,8830749.62,Medium
963.74,979.5609569487398,956.1818834240702,3254549.98,Medium
963.74,979.6385625622968,962.1517761310168,7258889.68,Medium
963.74,978.4433191183896,956.372702913209,2236840.54,Medium
963.74,969.9742812885726,944.898424704944,3931095.46,Medium
963.74,973.7671950213386,958.0218048914892,2225275.66,Medium
963.74,968.1134716921596,949.5190018234892,4672211.5200000005,Medium
963.74,968.1535349656472,959.9537960396066,3537889.54,Medium
963.74,972.6844546042483,959.6758224490942,1945791.06,Medium
963.74,978.2281464787128,957.3471960559324,3305628.2,Medium
963.74,974.346055979876,962.5086489757564,3514759.7800000003,Medium
963.74,980.9398496579308,953.92020071811,4405255.54,Medium
963.74,979.9185608506332,945.0177270116504,7100836.32,Medium
963.74,965.2824691598112,957.6211305886776,5456695.88,Medium
963.74,975.112095199066,950.5110073213908,5785331.22,Medium
963.74,975.858128461292,947.3165778571466,1860018.2,Medium
963.74,982.3112001617874,945.5738244886446,7237687.4,Medium
963.74,965.1292272658636,962.3125080114224,2201182.16,Medium
963.74,974.4288130164329,947.3012458198424,8650530.24,Medium
963.74,968.4535038052892,961.2857472918276,2262861.52,Medium
963.74,965.6863646968797,957.0378178567396,1222022.32,Medium
963.74,975.461277625674,949.1775126479188,9358879.14,Medium
963.74,978.8509408303088,956.033402834664,7939290.12,Medium
963.74,978.8923477326894,961.7413989979812,478015.04,Medium
963.74,965.2583528956692,949.1666560020128,1100591.08,Medium
963.74,972.155359952157,952.581282982194,702566.46,Medium
963.74,965.518758453296,954.256851807482,2180943.62,Medium
963.74,969.2419283353668,955.2035949901896,2983739.04,Medium
963.74,968.235590121043,951.2740638211473,1211421.18,Medium
963.74,968.643961119458,945.9841093621584,4847612.2,Medium
963.74,970.9133576264912,955.0771977376436,7746542.12,Medium
963.74,969.7835584091416,955.6786353119294,1125648.32,Medium
963.74,982.3241051931144,956.1610814077924,4403328.06,Medium
963.74,971.156687918919,959.1288668698448,4081438.9,Medium
963.74,981.0769865778803,947.5274831190568,7051685.58,Medium
963.74,968.01880490972,958.5617575418736,6341409.2,Medium
963.74,978.6887547098956,952.6243961938386,4890980.5,Medium
963.74,965.8270417908795,948.4690708024368,9399356.22,Medium
963.74,973.177388638487,962.3039357107574,3878089.76,Medium
963.74,964.804642001779,953.5563829955812,1281774.2,Medium
963.74,979.5410227800104,955.4112155805976,3878089.76,Medium
963.74,982.10814683505,961.4435252064386,8269852.94,Medium
963.74,965.346593173658,947.7845491465988,4977717.1,Medium
963.74,981.8034567557196,955.397154664721,3681486.8,Medium
963.74,978.8738250383316,955.9516783491546,7466093.78,Medium
963.74,971.2748759009696,950.4452837909644,7593307.46,Medium
963.74,981.346233062034,954.6557375282044,3074330.6,Medium
963.74,970.1285246693114,955.9630054373736,498253.58,Medium
963.74,972.1983710200496,952.477357876363,8512715.42,Medium
963.74,966.4746257246736,956.161649384381,3618843.7,Medium
963.74,976.7329887476913,948.9763716131234,6498498.82,Medium
963.74,965.2457625511496,948.8912543209487,3612097.52,Medium
963.74,973.5828695884862,948.9506667042564,5092402.16,Medium
963.74,977.2137069614852,948.3041912034691,2846887.96,Medium
963.74,979.7414709852352,952.8247014142192,4730999.66,Medium
963.74,967.4493257818456,947.7599514626484,2274426.4,Medium
963.74,978.5119339418022,957.860041138188,6580416.72,Medium
963.74,977.8708025229377,946.0327336572968,6578489.24,Medium
963.74,974.9500696244996,955.414548485506,1935189.92,Medium
963.74,975.4092023087696,953.0674472613872,4803280.16,Medium
963.74,966.3750036458518,959.7321349496752,6368393.92,Medium
963.74,975.6990013010372,962.134567259898,6936036.78,Medium
963.74,971.6898160250064,961.0961315351597,3057947.02,Medium
963.74,980.590065023768,962.7363742522498,4379234.56,Medium
963.74,970.4369124094007,948.665284523184,7067105.42,Medium
963.74,975.261807057308,948.8665887976556,2777498.68,Medium
963.74,972.5147144942124,955.1450044435176,2455609.52,Medium
963.74,980.749024927018,951.6315288735522,6556323.22,Medium
963.74,969.353223324239,960.0287901377652,6470550.36,Medium
963.74,966.1466947477682,947.3116637352496,4282860.56,Medium
963.74,978.4124198262656,951.4038812399896,7266599.6,Medium
963.74,972.2643147260054,956.3240607223408,4609568.42,Medium
963.74,975.4907553998632,947.0966985956547,9367552.8,Medium
963.74,965.1869566363632,949.763899257504,2264789.0,Medium
963.74,982.1378795168652,955.1171641066124,3403929.68,Medium
963.74,980.773862765399,956.1271206933708,8601379.5,Medium
963.74,976.1274225595446,959.086304340889,4203833.88,Medium
963.74,965.0155744607148,959.5756923213866,2697508.26,Medium
963.74,971.6248898936888,954.5091079880732,1621010.68,Medium
963.74,982.6265421303888,956.0016121471972,6506208.74,Medium
963.74,977.179621078714,961.6521824243496,7251179.76,Medium
963.74,967.6515983877816,957.0971024569644,8893392.72,Medium
963.74,973.1377547004174,960.3273495888908,478015.04,Medium
963.74,982.4057328317826,948.0892465746294,1202747.52,Medium
963.74,974.4948134642328,954.0196156226676,4784969.1,Medium
963.74,965.1544580996258,959.4042889408204,8033736.64,Medium
963.74,976.0524238215024,959.8202787036848,9289489.86,Medium
963.74,969.6700021708724,947.7862300511546,8876045.4,Medium
963.74,966.5137141555751,952.580867863206,8604270.72,Medium
963.74,972.0814207059924,953.5673222609788,9461035.58,Medium
963.74,974.9308899484676,954.5729231318186,1971812.04,Medium
963.74,965.0157736106164,949.1436338828396,5024940.36,Medium
963.74,974.9404796557412,952.6993533814942,6560178.18,Medium
963.74,974.0644114939694,960.5912719108702,4355141.06,Medium
963.74,979.2410440374244,961.5044190443084,5807497.24,Medium
963.74,972.4593861086958,957.8712153315166,2918204.72,Medium
963.74,974.838004024711,944.954764627741,2344779.42,Medium
963.74,978.2907168871484,961.2807407345366,1041802.94,Medium
963.74,981.1314318869514,952.9250860140788,1639321.74,Medium
963.74,971.6625759236445,945.9143520695036,7461275.08,Medium
963.74,975.720287039295,961.368936398736,2219493.22,Medium
963.74,977.4228019291116,959.2924262764108,8492476.88,Medium
963.74,965.4960719525736,951.405307372148,2703290.7,Medium
963.74,979.3665137165202,962.5229929089718,366221.2,Medium
963.74,971.6148867672904,945.8156077805728,5529940.12,Medium
963.74,976.9765254711106,960.8103675260028,4049635.48,Medium
963.74,973.3404090161227,961.6697904378892,3143719.88,Medium
963.74,977.5643141821764,959.2563294750814,6151552.42,Medium
963.74,977.9670080206452,951.6001985830312,573425.3,Medium
963.74,968.2116083222116,945.54438525405,5227325.76,Medium
963.74,976.8288521344732,954.0038904724202,3148538.58,Medium
963.74,980.2923745504652,952.9749005706392,3765332.18,Medium
963.74,969.0172251424788,954.6629894736744,2393930.16,Medium
963.74,978.5868830082352,952.9551718893208,1059150.26,Medium
963.74,976.309749676492,957.8441256965932,797012.98,Medium
963.74,982.1931101247892,950.0514133816872,9259613.92,Medium
963.74,969.469130691584,949.7767150776972,6361647.74,Medium
963.74,967.5287296433625,953.2391086070136,5144444.12,Medium
963.74,970.4190066380842,947.0377503574284,9369480.28,Medium
963.74,969.4272386651088,950.6763703824098,2373691.62,Medium
963.74,978.562150086996,953.739834126028,3760513.48,Medium
963.74,978.127748449297,947.356273551282,1585352.3,Medium
963.74,976.966380400656,952.0767314073612,2725456.72,Medium
963.74,968.6658709475964,961.3845748872264,4462116.2,Medium
963.74,980.4843361594257,948.0796548005492,5463442.06,Medium
963.74,982.2195791536262,947.292604570481,7469948.74,Medium
963.74,974.4380060317364,961.8959357187508,1829178.52,Medium
963.74,976.5944430329184,948.669128743816,8098307.22,Medium
963.74,973.8719430666914,944.815694360016,176364.42,Medium
963.74,969.8959823347068,948.2970986204986,9028316.32,Medium
963.74,969.943405945638,955.4906654036562,3225637.7800000003,Medium
963.74,970.4428019970304,949.6338745531108,743043.54,Medium
963.74,968.19840587725,957.426240320253,9162276.18,Medium
963.74,981.2189177524932,950.7322228282388,6287439.76,Medium
963.74,980.421919736417,953.2999028578988,4154683.14,Medium
963.74,973.156846043471,950.6501742089242,2202145.9,Medium
963.74,971.428502650474,955.1984880196052,7453565.16,Medium
963.74,981.8992601314354,959.95328866707,1986268.14,Medium
963.74,968.7756339375302,955.0665155604538,5372850.5,Medium
963.74,974.8396800323142,954.0343929871152,2873872.68,Medium
963.74,965.701658996022,950.3638927949409,3358633.9,Medium
963.74,968.2048549017182,957.566512649622,6549577.04,Medium
963.74,975.764113418362,950.9537098942388,5373814.24,Medium
963.74,976.8290245982488,958.4944476017818,6112039.08,Medium
963.74,975.3423892954748,948.769971308496,7463202.56,Medium
963.74,980.627063704448,949.5536311756932,355620.06,Medium
963.74,982.8940426027988,960.6201636811762,2049874.98,Medium
963.74,978.6908600233724,951.924120496064,5595474.44,Medium
963.74,973.2200635649634,961.1639706738904,3463681.56,Medium
963.74,979.973967768454,945.0305664555566,3468500.26,Medium
963.74,966.9081607978176,956.5644228128474,5791113.66,Medium
963.74,977.2151507188632,962.4052568731288,7144204.62,Medium
963.74,974.1950543263272,953.554534625765,2742804.04,Medium
963.74,967.9643151271816,960.5448253630829,7657878.04,Medium
963.74,982.519185842035,950.856807110579,3384654.88,Medium
963.74,970.900887899814,949.390763699999,7699318.86,Medium
963.74,975.9727949119998,947.0421892067102,7915196.62,Medium
963.74,980.7917317989736,946.5042555175536,4321410.16,Medium
963.74,973.9817498222548,957.109910973852,4400436.84,Medium
963.74,966.8120360828516,956.2252998894804,6816533.0200000005,Medium
963.74,979.6957204978283,944.932628345044,4294425.44,Medium
963.74,971.1714584814396,954.8306914762152,6717267.8,Medium
963.74,982.7047364202906,955.3656666001312,8164805.28,Medium
963.74,980.8875207793732,945.8319259473836,6733651.38,Medium
963.74,980.3313019499128,959.3465558004876,152270.92,Medium
963.74,971.2271133090871,954.095430048568,6531265.98,Medium
963.74,978.5675887892484,953.8875958635358,3567765.48,Medium
963.74,982.764470652366,949.179780503367,5793041.14,Medium
963.74,14312.12196608113,954.8033772315196,6837541.2,Medium
14156.4,14297.169980889756,13910.061367365211,39821953.2,Medium
14156.4,14174.501089332172,13961.966197038591,5804124.0,Medium
14156.4,14358.891328002666,13891.839773215845,59853259.2,Medium
14156.4,14401.46248519095,14071.767341710636,77860200.0,Medium
14156.4,14237.115355271928,13923.730397536605,37599398.4,Medium
14156.4,14255.289064545854,14110.834923149145,90176268.0,Medium
14156.4,14305.22429950933,13926.547178338187,136991482.79999998,Medium
14156.4,14189.943915253778,13913.959538472263,19125296.4,Medium
14156.4,14194.667680224236,14032.880693395526,116733674.4,Medium
14156.4,14283.823234595342,13953.959758390083,55832841.6,Medium
14156.4,14240.816879658963,13881.690150842454,37528616.4,Medium
14156.4,14279.768902921922,14092.501632346028,127676571.6,Medium
14156.4,14292.773409618016,13975.981237428348,124491381.6,Medium
14156.4,14433.146217558357,14129.486134253211,88194372.0,Medium
14156.4,14424.535474628772,14051.168827762316,104148634.8,Medium
14156.4,14208.139842427894,14104.268364774702,40770432.0,Medium
14156.4,14407.94696149232,13997.864219887417,49618182.0,Medium
14156.4,14192.129714297582,13979.99566591525,28808274.0,Medium
14156.4,14307.095924506735,13876.121547523708,74604228.0,Medium
14156.4,14214.643508088362,13882.2011887205,58310211.6,Medium
14156.4,14268.970995764088,13904.832766935857,29431155.6,Medium
14156.4,14370.493809837082,13989.607250895882,89694950.39999999,Medium
14156.4,14284.736317991375,13903.917857172542,99505335.6,Medium
14156.4,14387.60337894012,14046.780786850675,41011090.8,Medium
14156.4,14363.897411902904,14088.198799705217,129828344.4,Medium
14156.4,14424.15343439049,14000.752330577736,27873951.6,Medium
14156.4,14314.229199506615,13999.363385091769,22522832.4,Medium
14156.4,14386.311418620824,13897.460175130873,38618659.2,Medium
14156.4,14257.409241042846,14140.70071232599,56215064.4,Medium
14156.4,14263.552213147172,13912.124556868312,50793163.2,Medium
14156.4,14278.28234020626,13978.645525230437,24660448.8,Medium
14156.4,14281.081062519332,13889.50591626362,99151425.6,Medium
14156.4,14198.32858396768,13941.80167839949,6922479.6,Medium
14156.4,14310.179272270394,14043.730209426509,19535832.0,Medium
14156.4,14196.59371677194,13971.500655125634,112132844.4,Medium
14156.4,14409.87714529086,14042.799510387562,99137269.2,Medium
14156.4,14187.190890295222,13894.368657507132,80620698.0,Medium
14156.4,14291.511430431385,14136.948959086918,36806640.0,Medium
14156.4,14247.13101854754,13993.020808981672,76373778.0,Medium
14156.4,14212.211874519651,14005.78586399126,17568092.4,Medium
14156.4,14381.386208874534,14091.101457483084,84655272.0,Medium
14156.4,14362.852911229224,14027.084307316927,81724897.2,Medium
14156.4,14209.812237538745,14062.388076907126,58296055.2,Medium
14156.4,14340.75238691339,13961.922392231909,111835560.0,Medium
14156.4,14383.73123144514,13939.673360954564,5719185.6,Medium
14156.4,14378.560804644443,13934.760067558218,64822155.6,Medium
14156.4,14195.37699103087,14036.174131790596,71546445.6,Medium
14156.4,14354.939852862091,14090.765298115726,123896812.8,Medium
14156.4,14363.14649963833,14063.152471520676,39383104.8,Medium
14156.4,14402.45464031232,13998.415310873055,60008979.6,Medium
14156.4,14307.205898695456,13976.744672477002,67002241.2,Medium
14156.4,14294.577591011994,13928.445343381214,71489820.0,Medium
14156.4,14430.14528209971,13948.654951196831,127067846.4,Medium
14156.4,14384.79557584566,14095.343047232243,42667389.6,Medium
14156.4,14320.839168566808,13942.131153364184,108791934.0,Medium
14156.4,14259.48300265791,14111.282089620388,74972294.39999999,Medium
14156.4,14397.901416165858,13895.393711041826,2633090.4,Medium
14156.4,14293.055854372464,13956.715043478544,17115087.599999998,Medium
14156.4,14195.486084431086,14112.142082753817,19677396.0,Medium
14156.4,14292.91273007857,13917.22791698246,18573196.8,Medium
14156.4,14405.09113466194,13959.768179068858,53199751.2,Medium
14156.4,14291.131566301632,13950.763490781372,114227991.6,Medium
14156.4,14174.415913226356,14011.139075374896,56200908.0,Medium
14156.4,14335.028585950333,13979.59507084424,57347576.4,Medium
14156.4,14438.406389345568,14027.09319402474,106045592.4,Medium
14156.4,14390.373059247113,13989.599646307166,104644108.8,Medium
14156.4,14336.575878082596,13929.812207337563,83041442.39999999,Medium
14156.4,14416.503731620249,14088.512646661797,85561281.6,Medium
14156.4,14389.386766644377,13906.65244068481,61254742.8,Medium
14156.4,14304.676224529452,14059.935859420611,113930707.2,Medium
14156.4,14329.57786611848,14102.552400063993,35787379.2,Medium
14156.4,14367.253396959832,13971.567923703273,15331381.2,Medium
14156.4,14398.220999607258,14001.19227067526,126487434.0,Medium
14156.4,14186.204200029506,14063.82937092795,72537393.6,Medium
14156.4,14378.956633146809,13973.283515904915,112274408.4,Medium
14156.4,14290.922116256444,13950.103233475358,127350974.4,Medium
14156.4,14348.292446042002,14068.925167409565,77166536.39999999,Medium
14156.4,14376.22096437042,14110.87052651548,27010411.2,Medium
14156.4,14315.667095977711,14004.986016152608,9513100.8,Medium
14156.4,14213.192392984369,14066.13020031146,4445109.6,Medium
14156.4,14280.707487116397,14054.767273467574,106003123.2,Medium
14156.4,14191.233052126368,14009.379988673183,111651526.8,Medium
14156.4,14355.958709781136,13945.571440835383,70923564.0,Medium
14156.4,14427.0762776925,14138.219790195895,84570333.6,Medium
14156.4,14384.45682130844,14013.61670838501,131357235.6,Medium
14156.4,14275.397877795329,14109.028259007768,45937518.0,Medium
14156.4,14327.71421854699,13912.749547172494,33564824.4,Medium
14156.4,14252.377742503611,14072.371032227638,92228946.0,Medium
14156.4,14316.082300585258,14033.578149827536,85292310.0,Medium
14156.4,14251.443397011944,14129.488039112335,23018306.4,Medium
14156.4,14369.144791155732,14102.128426273115,137529426.0,Medium
14156.4,14240.311900349683,14141.762197233367,24802012.8,Medium
14156.4,14429.85050684763,14045.404326803717,131045794.8,Medium
14156.4,14348.601809610684,13924.191603472991,112784038.8,Medium
14156.4,14189.055687736078,13987.375550339388,103171843.2,Medium
14156.4,14173.455312294547,13916.332700215198,87642272.39999999,Medium
14156.4,14438.733550474995,14095.050300115776,30138975.6,Medium
14156.4,14229.866138181627,13960.057958742826,107291355.6,Medium
14156.4,14254.626902552924,13941.629097667492,119678205.6,Medium
14156.4,14226.613850862364,14049.7171312937,39213228.0,Medium
14156.4,14420.18941870441,14111.500769830634,75920773.2,Medium
14156.4,14345.929342085645,13942.612137025491,22027358.4,Medium
14156.4,14306.221996465005,14001.982838273463,108013332.0,Medium
14156.4,14320.54863181537,14015.899214293266,28426051.2,Medium
14156.4,14256.055168334618,13917.08477324614,100425501.6,Medium
14156.4,14335.752033065806,14009.665850291129,63491454.0,Medium
14156.4,14283.416981119051,14062.903578728705,140473957.2,Medium
14156.4,14224.143113308746,13940.936720617738,64086022.8,Medium
14156.4,14347.164524237123,14069.662370191418,65883885.6,Medium
14156.4,14271.10889605856,14067.93065019504,67257056.39999999,Medium
14156.4,14381.716960097348,14086.09986970284,50170281.6,Medium
14156.4,14282.28584635327,14114.435346084894,104530857.6,Medium
14156.4,14307.266964980374,13926.642529404524,129021429.6,Medium
14156.4,14382.36251885165,13953.779252150824,56342472.0,Medium
14156.4,14291.022887257568,14039.17013638228,22324642.8,Medium
14156.4,14430.442444668164,13947.243367439694,60051448.8,Medium
14156.4,14383.858589461335,13883.695785419855,50283532.8,Medium
14156.4,14392.84270840622,14016.835969396949,17752125.599999998,Medium
14156.4,14427.133914202046,14010.908706395134,114213835.2,Medium
14156.4,14275.14617580096,13999.941282361448,24702918.0,Medium
14156.4,14326.581516785502,14070.546481766563,127704884.4,Medium
14156.4,14357.112880268578,14075.53755121558,6200503.2,Medium
14156.4,14351.697605851496,14010.881979840908,83098068.0,Medium
14156.4,14426.86933433195,14007.561326728824,81823992.0,Medium
14156.4,14248.113993412067,14064.434964737846,34456677.6,Medium
14156.4,14248.92437653298,13985.617958580042,104813985.6,Medium
14156.4,14417.473512823512,13934.922616018976,76373778.0,Medium
14156.4,14385.54691734422,13956.766530902674,130479538.8,Medium
14156.4,14225.2535565466,14102.675599058735,117328243.2,Medium
14156.4,14323.882820875617,13969.458457809948,22055671.2,Medium
14156.4,14371.145664781863,14141.324177206528,29685970.8,Medium
14156.4,14265.51316279689,14036.619322299044,4289389.2,Medium
14156.4,14287.39288912262,14018.240201768753,110929550.4,Medium
14156.4,14325.321747273008,13928.261418130733,136000534.79999998,Medium
14156.4,14296.195336097437,13905.523337454417,94366562.4,Medium
14156.4,14373.103416524693,13949.068809159417,60334576.8,Medium
14156.4,14172.15375608014,13933.72276193285,56399097.6,Medium
14156.4,14287.4602054975,13891.665947674408,94847880.0,Medium
14156.4,14261.356202652409,14011.914178340276,126586528.8,Medium
14156.4,14334.404229952124,14067.00680617843,37896682.8,Medium
14156.4,14379.267183646336,14042.686213794492,32460625.2,Medium
14156.4,14191.037286109604,14026.955959393004,95867140.8,Medium
14156.4,14213.069979442284,14057.20735496337,2845436.4,Medium
14156.4,14349.44446857608,14060.553122148029,132914439.6,Medium
14156.4,14369.165686003822,13877.927940425729,83027286.0,Medium
14156.4,14328.765973103738,13875.33584838508,82928191.2,Medium
14156.4,14434.902589257264,13969.314202528796,128568424.8,Medium
14156.4,14304.89735586338,13924.43205631308,32347374.0,Medium
14156.4,14207.215167438948,13948.276114963424,84980869.2,Medium
14156.4,14355.149204573709,13958.774917489323,36070507.2,Medium
14156.4,14332.49761652557,14102.83705737247,137685146.4,Medium
14156.4,14329.363008813249,14105.46931674803,100779411.6,Medium
14156.4,14317.37552563804,13903.977834798334,95640638.4,Medium
14156.4,14423.146475550677,14138.406147961896,32630502.0,Medium
14156.4,14205.295802704672,13959.406421830216,15897637.2,Medium
14156.4,14190.24439449994,13925.779199834056,26812221.6,Medium
14156.4,14212.009541634889,13949.145381452052,18700604.4,Medium
14156.4,14236.45180874247,14103.40160958756,10277546.4,Medium
14156.4,14330.04212025294,13969.966215449576,63930302.4,Medium
14156.4,14335.281399129946,14109.029165320771,9668821.2,Medium
14156.4,14233.119699142637,14017.912209932556,47423940.0,Medium
14156.4,14302.14416531046,13966.112248528012,79275840.0,Medium
14156.4,14300.2173478379,14042.221118415868,72877147.2,Medium
14156.4,14292.430327784965,14003.119159787091,59159595.6,Medium
14156.4,14386.68726364513,13887.539719455675,126756405.6,Medium
14156.4,14297.42843971336,14058.757599776543,6058939.2,Medium
14156.4,14374.535180832125,14095.17090611384,101373980.4,Medium
14156.4,14215.335096391344,13898.13435869452,74575915.2,Medium
14156.4,14313.640507683109,14012.262077889536,40855370.4,Medium
14156.4,14392.217180185358,14008.7377713605,67724217.6,Medium
14156.4,14218.35711392249,13885.7623435971,46985091.6,Medium
14156.4,14295.60725959008,14070.210943524991,50665755.6,Medium
14156.4,14334.381438161034,13928.013724989523,42922204.8,Medium
14156.4,14220.255513033306,13991.577561413776,122382078.0,Medium
14156.4,14374.10485584696,13956.648418095978,97169529.6,Medium
14156.4,14191.804147163772,14015.653833034006,100595378.4,Medium
14156.4,14425.115293695722,14038.99647481825,107008227.6,Medium
14156.4,14296.494684454245,14103.49550011634,80450821.2,Medium
14156.4,14260.96396433666,13876.634090890084,20201182.8,Medium
14156.4,14201.974167607746,13946.647157313097,40869526.8,Medium
14156.4,14286.912611240594,14019.842830572115,8026678.8,Medium
14156.4,14348.02494547168,14009.6627280317,129814188.0,Medium
14156.4,14195.970794650571,14142.175323519596,10886271.6,Medium
14156.4,14252.93408855782,14134.280021562574,47126655.6,Medium
14156.4,14395.421386866508,13925.0284180823,107107322.4,Medium
14156.4,14344.360744344822,14129.825263142642,51076291.2,Medium
14156.4,14226.064879196165,13934.674824583764,38066559.6,Medium
14156.4,14213.83656523014,13950.36892754563,58296055.2,Medium
14156.4,14413.837184673295,13959.524754878845,136694198.4,Medium
14156.4,14247.75668816644,13995.78701214528,122169732.0,Medium
14156.4,14218.836847628934,14048.82218151516,118418286.0,Medium
14156.4,14439.518322009832,13880.642327633454,117299930.4,Medium
14156.4,14253.72022062435,13897.281061036325,93517178.4,Medium
14156.4,14204.107967899386,14014.66635394608,19040358.0,Medium
14156.4,14294.756088486858,14095.060611081197,106682630.4,Medium
14156.4,14287.382899242262,14079.148889932483,133565634.0,Medium
14156.4,14419.839944808047,14138.473647534547,131555425.2,Medium
14156.4,14206.653719450616,13907.626329786051,98585169.6,Medium
14156.4,14195.069504974848,14044.49558847184,4600830.0,Medium
14156.4,14195.565021879642,14011.571844651417,74675010.0,Medium
14156.4,14413.78404654215,14000.64262562693,16492206.0,Medium
14156.4,14291.423946786876,13928.913270025052,136212880.79999998,Medium
14156.4,14211.065278848357,13976.791177727628,35716597.2,Medium
14156.4,14330.279831689231,14123.608988064918,76076493.6,Medium
14156.4,14315.161814166771,14040.81549286992,50467566.0,Medium
14156.4,14223.922180392816,14019.5203225807,35886474.0,Medium
14156.4,14332.756533222537,13949.058512360982,36764170.8,Medium
14156.4,14262.068939464203,13931.358411443502,68191378.8,Medium
14156.4,14234.6713667898,14140.854967937,125850396.0,Medium
14156.4,14307.83966895449,13981.219851697806,128214514.8,Medium
14156.4,14249.00176850888,14134.243026127451,21050566.8,Medium
14156.4,14230.305730179987,13917.529882018229,92087382.0,Medium
14156.4,14407.176743716214,14077.67982925634,126855500.4,Medium
14156.4,14212.452109441074,14052.640761393415,57021979.2,Medium
14156.4,14246.027135134264,14079.588974299892,112189470.0,Medium
14156.4,14274.416657849615,13908.83732743499,114256304.4,Medium
14156.4,14244.157334142696,14061.3680100344,27392634.0,Medium
14156.4,14227.23157867117,13942.634040667106,80054442.0,Medium
14156.4,14377.972799558527,13977.372434541949,131385548.4,Medium
14156.4,14259.052402637735,13910.196022024673,40260801.6,Medium
14156.4,14200.819190253122,14089.05146955815,135151150.79999998,Medium
14156.4,14316.04183727824,14003.125684343642,93347301.6,Medium
14156.4,14204.309241883271,13918.009990737894,126728092.8,Medium
14156.4,14266.719020844756,13978.010070143118,90756680.4,Medium
14156.4,14407.742755171192,14138.947406069849,116620423.2,Medium
14156.4,14269.850277305632,14074.042060284735,8423058.0,Medium
14156.4,14340.68335082867,13958.173517005356,124250722.8,Medium
14156.4,14308.9760538211,13977.743499624925,69054919.2,Medium
14156.4,14207.600472128655,13901.115233922772,107673578.4,Medium
14156.4,14345.13768822916,13893.30552786671,69281421.6,Medium
14156.4,14400.80550278128,13926.98144135007,37825900.8,Medium
14156.4,14195.627908283934,14092.849925022336,107829298.8,Medium
14156.4,14373.274939461382,14042.187216813523,108324772.8,Medium
14156.4,14356.203632728208,13882.770567791216,123811874.4,Medium
14156.4,14403.663481513904,14012.108172874852,28284487.2,Medium
14156.4,14198.55417353303,14052.407429138051,106781725.2,Medium
14156.4,14252.77977530893,13883.493608935178,119395077.6,Medium
14156.4,14357.301092185657,13954.092795458771,118248409.2,Medium
14156.4,14176.47861100991,13954.920337468311,63434828.4,Medium
14156.4,14368.001909560253,14031.329241118983,74193692.39999999,Medium
14156.4,14401.328271159658,14117.09136713565,110957863.2,Medium
14156.4,14292.48231625426,13877.711238442716,113746674.0,Medium
14156.4,14287.378809052512,14119.434571720154,14439528.0,Medium
14156.4,14245.456642278135,13963.116901442903,111665683.2,Medium
14156.4,14171.91520955826,14128.496655469811,10291702.8,Medium
14156.4,14220.666754963377,14138.391133917075,67186274.39999999,Medium
14156.4,14434.112019714654,14139.570456623216,67625122.8,Medium
14156.4,14403.831723821051,13888.755486047294,38802692.4,Medium
14156.4,14242.238579091718,14017.935144155064,83069755.2,Medium
14156.4,14429.777472098018,13980.31470228584,32871160.8,Medium
14156.4,14269.460650653142,14104.232335199602,20880690.0,Medium
14156.4,14250.598414383425,14011.057309665752,57290950.8,Medium
14156.4,14211.65731419917,14002.70022375594,96971340.0,Medium
14156.4,14413.064171943995,14101.186848915308,116960176.8,Medium
14156.4,14436.029349510238,14019.047427855094,67851625.2,Medium
14156.4,14258.620769206296,13903.795408940943,5705029.2,Medium
14156.4,14359.759206459394,13987.531704279369,97311093.6,Medium
14156.4,14260.74349462193,14092.227430583083,27491728.8,Medium
14156.4,14198.79592713617,13885.289275696969,44819162.4,Medium
14156.4,14276.179478089827,13902.093021396326,13859115.6,Medium
14156.4,14318.913054857872,13892.90510189521,112203626.4,Medium
14156.4,14203.644414542518,13932.199067488767,125001012.0,Medium
14156.4,14390.648537471645,13991.253793703836,44564347.2,Medium
14156.4,14304.332953331776,13933.584067797883,46631181.6,Medium
14156.4,14233.59875774788,13975.638924202278,135802345.2,Medium
14156.4,14329.99189225602,14140.711953180718,31738648.8,Medium
14156.4,14383.92062476434,14110.967010662254,91747628.4,Medium
14156.4,14258.678045363467,14112.77893249028,34654867.2,Medium
14156.4,14359.233609336148,13993.270133900058,86424822.0,Medium
14156.4,14285.638368214091,13955.110636296087,42228541.2,Medium
14156.4,14429.85878536627,13889.584440902285,103200156.0,Medium
14156.4,14377.917388597674,13899.838964039403,44677598.4,Medium
14156.4,14266.404672412791,13981.443117184792,79261683.6,Medium
14156.4,14175.330096945576,13988.60336316198,84372144.0,Medium
14156.4,14347.410578292303,14123.86888919653,17483154.0,Medium
14156.4,14223.77839109002,13934.809592988107,48089290.8,Medium
14156.4,14203.338436881028,14070.70818515468,3100251.6,Medium
14156.4,14421.177802974516,13895.35016839172,66167013.6,Medium
14156.4,14439.514274437057,14082.745585728151,97679160.0,Medium
14156.4,14243.148827889316,13954.952647627695,25184235.6,Medium
14156.4,14251.723570305756,14112.039827894145,116238200.4,Medium
14156.4,14214.933738969194,14009.403242985243,32644658.4,Medium
14156.4,14293.660606477431,14102.171969826944,121008907.2,Medium
14156.4,14403.443781433036,13915.585151446288,14694343.2,Medium
14156.4,14359.24157835255,13977.093127066722,53893414.8,Medium
14156.4,14398.195553306352,13879.393703537373,1642142.4,Medium
14156.4,14232.011476497171,14104.31200718104,11707342.8,Medium
14156.4,14367.028337180564,13911.976717167694,138449592.0,Medium
14156.4,14417.613976882294,13944.735024129615,115558693.2,Medium
14156.4,14246.249342506026,14038.09433910172,40119237.6,Medium
14156.4,14356.32258866539,14137.428411728964,7757707.2,Medium
14156.4,14278.321865074078,13944.288982811677,37528616.4,Medium
14156.4,14248.619125111029,14115.84459310438,39156602.4,Medium
14156.4,14431.357575788406,13924.660806398942,100821880.8,Medium
14156.4,14264.32883767774,13927.471382116026,5039678.399999999,Medium
14156.4,14199.564901328176,14084.2191089023,56696382.0,Medium
14156.4,14275.075861454316,13882.44160758352,39850266.0,Medium
14156.4,14290.969146204772,13928.975502244652,23641188.0,Medium
14156.4,14372.87974927185,13979.626069030155,8975157.6,Medium
14156.4,14426.056360243563,13944.562562270805,116280669.6,Medium
14156.4,14390.321524222303,14016.280508200944,44620972.8,Medium
14156.4,14420.953173994383,14117.27038441187,53780163.6,Medium
14156.4,14298.334083255564,13970.927450534971,61665278.4,Medium
14156.4,14364.032128265062,14030.289945920247,72438298.8,Medium
14156.4,14253.681961360122,13878.958622892,122679362.4,Medium
14156.4,14189.273355917732,14125.20558723903,110504858.4,Medium
14156.4,14268.858398864571,14099.070436082227,46786902.0,Medium
14156.4,14358.275775627826,13900.075102451774,94493970.0,Medium
14156.4,14244.42194838879,14011.25642963882,65459193.6,Medium
14156.4,14402.250122000134,14090.295648750263,89935609.2,Medium
14156.4,14383.251838696462,14058.14509326517,59782477.2,Medium
14156.4,14222.748334922262,14121.721081358255,50368471.2,Medium
14156.4,14259.542093345974,13971.73951157748,111071114.4,Medium
14156.4,14392.539365526369,13894.768063697711,85193215.2,Medium
14156.4,14236.168737545317,13988.87652498212,78185797.2,Medium
14156.4,14259.747959683522,13969.568711933842,124165784.4,Medium
14156.4,14262.83166172093,14063.487540456586,57191856.0,Medium
14156.4,14386.013955891542,13951.69900823632,127860604.8,Medium
14156.4,14180.516489788206,13896.088989065576,42327636.0,Medium
14156.4,14190.40300290934,14129.77087730196,35518407.6,Medium
14156.4,14326.143438431862,14083.801224851151,56257533.6,Medium
14156.4,14277.368247597396,13890.317032947023,82022181.6,Medium
14156.4,14340.784577032202,13925.728672051742,102591430.8,Medium
14156.4,14242.22691579201,14123.346395287366,5436057.6,Medium
14156.4,14415.208308094498,14079.591498591952,105776620.8,Medium
14156.4,14375.228156900332,14044.016792022154,105535962.0,Medium
14156.4,14188.77820933539,14056.36343431664,11523309.6,Medium
14156.4,14381.404710474118,14128.454012724917,14213025.6,Medium
14156.4,14431.346522012622,14096.325670064689,82984816.8,Medium
14156.4,14424.044816766407,14066.294116105802,60263794.8,Medium
14156.4,14368.380653928982,14101.054997564988,83381196.0,Medium
14156.4,14203.79960962385,13919.68259167394,90006391.2,Medium
14156.4,14325.504689430933,14002.2674357556,100751098.8,Medium
14156.4,14247.006931848591,14082.68055926836,4289389.2,Medium
14156.4,14431.516127790552,13914.22972816484,41520721.2,Medium
14156.4,14363.539683527672,13937.645871275148,79629750.0,Medium
14156.4,14334.834997910066,14038.34595795764,91337092.8,Medium
14156.4,14357.51534296026,13915.982214384978,36636763.2,Medium
14156.4,14288.360347123236,13970.788037753317,9824541.6,Medium
14156.4,14270.812000412976,13974.55072272576,83579385.6,Medium
14156.4,14422.259910161294,14114.292575509646,86283258.0,Medium
14156.4,14259.835372528603,14032.44810974974,138562843.2,Medium
14156.4,14181.701542649958,14123.035162728378,94451500.8,Medium
14156.4,14278.371017607167,14034.409460930616,85801940.39999999,Medium
14156.4,14383.135509189216,14126.253770704448,80790574.8,Medium
14156.4,14344.97597181379,14090.365192631823,4657455.6,Medium
14156.4,14429.353012953525,14019.490068854751,103554066.0,Medium
14156.4,14199.121686256509,13975.99706367064,31993464.0,Medium
14156.4,14415.73646738472,14093.568447969892,20739126.0,Medium
14156.4,14269.766357845776,14120.082080183676,111311773.2,Medium
14156.4,14298.049633805069,13907.23755447793,126388339.2,Medium
14156.4,14285.805930664415,14119.796754207093,47622129.6,Medium
14156.4,14201.878756369082,13989.273964317725,89043756.0,Medium
14156.4,14237.206609170737,13929.419174026916,73160275.2,Medium
14156.4,14370.20637161025,14097.179923511989,105082957.2,Medium
14156.4,14176.744775342302,13968.40274970455,60801738.0,Medium
14156.4,14206.568408897116,13945.727030518532,136198724.4,Medium
14156.4,14177.337219436078,13952.029217459602,51416044.8,Medium
14156.4,14401.169437599208,14128.335152601916,81314361.6,Medium
14156.4,14336.599246648188,13969.67447010454,59711695.2,Medium
14156.4,14216.262384135887,14099.983822525946,17284964.4,Medium
14156.4,14377.334294870325,14061.0232529006,26047776.0,Medium
14156.4,14430.5983035775,13892.41908989345,112826508.0,Medium
14156.4,14421.926599233935,14128.194797962356,124717884.0,Medium
14156.4,14418.426518411115,3677.6786552119047,23290822.1,Medium
3742.7,3746.998094570782,3699.7587918897793,29642184.0,Medium
3742.7,3788.328214919279,3736.72986709864,30394466.7,Medium
3742.7,3764.6921789916023,3685.339626495195,35390971.2,Medium
3742.7,3786.595497450952,3677.979212810763,36225593.3,Medium
3742.7,3769.058247301583,3706.4202131227735,6291478.699999999,Medium
3742.7,3757.3701276230654,3682.648585659291,4858024.6,Medium
3742.7,3778.051226509852,3674.2125356520673,19836310.0,Medium
3742.7,3781.649643450737,3698.549746766383,22998891.5,Medium
3742.7,3816.8262118870935,3673.7702033116543,2878136.3,Medium
3742.7,3749.4569575453406,3709.305668335103,4887966.2,Medium
3742.7,3767.858237695344,3681.224514043834,14405652.3,Medium
3742.7,3807.021978786229,3683.44312591482,31378796.8,Medium
3742.7,3793.35450447589,3687.833262163999,13960271.0,Medium
3742.7,3805.229205082503,3709.698836931064,28938556.4,Medium
3742.7,3793.3968455969793,3705.661075644911,887019.8999999999,Medium
3742.7,3800.454314340583,3724.0669975905903,15318871.1,Medium
3742.7,3781.495006440565,3719.182218795106,1216377.5,Medium
3742.7,3761.011819082949,3690.440893474806,25375506.0,Medium
3742.7,3804.043127549152,3715.814929043369,16509049.7,Medium
3742.7,3786.8211649200057,3687.451648137298,21920993.9,Medium
3742.7,3756.363095686933,3694.554661133961,19941105.6,Medium
3742.7,3803.679760613023,3713.608709073717,28474461.6,Medium
3742.7,3814.608990247566,3727.037745053716,13537345.9,Medium
3742.7,3771.0588629956446,3716.219242403854,24428602.9,Medium
3742.7,3767.314737811794,3712.9853371036425,13949042.9,Medium
3742.7,3752.257839230072,3693.034889608535,21393273.2,Medium
3742.7,3793.695534951413,3734.5610479055545,2095912.0,Medium
3742.7,3814.63570734139,3677.3667358441658,4090771.1,Medium
3742.7,3756.1133169758,3694.491389547334,18283089.5,Medium
3742.7,3780.9430320906367,3735.175773166186,31681955.5,Medium
3742.7,3753.428545020333,3721.075946754932,5935922.199999999,Medium
3742.7,3748.86829959568,3728.2474909745306,2616147.3,Medium
3742.7,3793.6962335643434,3697.5818609299536,1126552.7,Medium
3742.7,3808.145063032004,3698.493798634156,6130542.6,Medium
3742.7,3770.447779665619,3713.0580688035193,5587851.1,Medium
3742.7,3808.7195000470288,3684.9285727545744,23264623.2,Medium
3742.7,3754.7664980496575,3734.564601249296,22074444.6,Medium
3742.7,3763.3643934400384,3680.121959579764,10266226.1,Medium
3742.7,3810.5571264390815,3675.772909986648,22718189.0,Medium
3742.7,3782.603499603205,3725.7394113653054,12665296.8,Medium
3742.7,3789.692051061905,3672.081080175614,23608951.6,Medium
3742.7,3749.1462259398,3686.877860814716,6459900.199999999,Medium
3742.7,3755.5726734175,3675.4232085257263,21318419.2,Medium
3742.7,3750.410057204992,3682.6739963766536,23840999.0,Medium
3742.7,3810.7984791187823,3734.127986617174,1560705.9,Medium
3742.7,3756.028145114316,3721.400384096611,30289671.1,Medium
3742.7,3806.864039274823,3678.449648137322,8080489.3,Medium
3742.7,3771.405233817484,3735.5378189325215,5703874.8,Medium
3742.7,3803.374228743316,3688.524534752545,2488895.5,Medium
3742.7,3772.401421216261,3690.505939498472,8608210.0,Medium
3742.7,3765.478060051812,3707.3830600847896,17796538.5,Medium
3742.7,3753.103034220465,3698.080715337862,11104590.9,Medium
3742.7,3766.4041105742954,3720.4303846899375,13133134.3,Medium
3742.7,3779.9702355793975,3696.9547627468814,26857615.2,Medium
3742.7,3804.576813450989,3690.0268865092567,34324301.7,Medium
3742.7,3778.6216267030422,3711.535351278182,2829481.2,Medium
3742.7,3815.522746600061,3728.430740750153,23923338.4,Medium
3742.7,3784.9589275248,3671.760366403416,27014808.6,Medium
3742.7,3748.2166161652094,3668.592398133166,11280497.8,Medium
3742.7,3775.9800086940913,3733.985257140575,20936663.8,Medium
3742.7,3795.431211095094,3734.9997776981054,26561941.9,Medium
3742.7,3763.103483543965,3713.166831964038,15532205.0,Medium
3742.7,3796.1231840237488,3672.150421052498,2956733.0,Medium
3742.7,3782.261270177954,3711.9373066253393,16355599.0,Medium
3742.7,3748.272946680823,3722.686121012424,25525214.0,Medium
3742.7,3801.507944896372,3669.5371007259455,3304804.1,Medium
3742.7,3786.2916025640334,3722.348859220011,7556511.3,Medium
3742.7,3752.3089202456495,3690.2687545791423,23238424.3,Medium
3742.7,3780.235787697745,3731.0134895723945,14940858.4,Medium
3742.7,3766.872470303748,3694.004933897788,26573170.0,Medium
3742.7,3808.997998079433,3728.649548089568,2705972.1,Medium
3742.7,3766.704233130292,3719.138157329099,32209676.2,Medium
3742.7,3813.407291810168,3707.917267869862,13735709.0,Medium
3742.7,3785.278909778648,3684.555955911284,13739451.7,Medium
3742.7,3769.45529158369,3699.479262610801,34477752.4,Medium
3742.7,3804.2949437970874,3726.151885226043,5007732.6,Medium
3742.7,3796.0357475260816,3685.275533164426,4060829.5,Medium
3742.7,3775.8801112201786,3693.607909295053,28081478.1,Medium
3742.7,3791.2156760092594,3737.5900959171695,12137576.1,Medium
3742.7,3801.808839174594,3734.2924753268367,26247555.1,Medium
3742.7,3806.998081776632,3732.4067408044,7990664.5,Medium
3742.7,3804.498869408735,3721.214582305882,18159580.4,Medium
3742.7,3758.252657670093,3719.279393223053,20060872.0,Medium
3742.7,3805.350557984948,3690.780233302458,17818994.7,Medium
3742.7,3750.611888595001,3692.7115845046033,28597970.7,Medium
3742.7,3760.677097386947,3676.948020357364,8832772.0,Medium
3742.7,3790.739828868628,3680.979224899765,3499424.5,Medium
3742.7,3754.598634584812,3682.882420920124,14162376.8,Medium
3742.7,3789.34753183632,3697.079391014284,29795634.7,Medium
3742.7,3768.342540668262,3731.374512336151,24054332.9,Medium
3742.7,3776.982627176908,3690.050607225696,7466686.5,Medium
3742.7,3768.853533106962,3717.458825437381,32423010.1,Medium
3742.7,3751.432833636512,3683.2490808855096,18900635.0,Medium
3742.7,3782.05230590666,3712.8817261102126,12657811.4,Medium
3742.7,3814.965509170198,3729.3995121275816,16793494.9,Medium
3742.7,3789.94740920602,3695.913032022122,19432098.4,Medium
3742.7,3767.778356432126,3676.179859126052,19664145.8,Medium
3742.7,3814.435757699343,3726.451800650141,36798226.4,Medium
3742.7,3774.1218669947502,3718.02029032215,36940449.0,Medium
3742.7,3796.044092828467,3720.153055714432,36689688.1,Medium
3742.7,3791.5352859046816,3683.3285538810974,21509296.9,Medium
3742.7,3814.205429188145,3728.1356311037207,12931028.5,Medium
3742.7,3811.4812865890303,3707.640620074565,12130090.7,Medium
3742.7,3756.967460852324,3712.176583057899,2122110.9,Medium
3742.7,3752.5359339436463,3684.2491799215136,33403597.5,Medium
3742.7,3804.017418464801,3707.710105351188,36996589.5,Medium
3742.7,3810.794388323714,3721.257312750872,30151191.2,Medium
3742.7,3781.4986938406414,3733.2245602757134,5520482.5,Medium
3742.7,3795.563632171976,3704.410050871032,22804271.1,Medium
3742.7,3751.4054353282513,3721.2493844709234,15367526.2,Medium
3742.7,3762.073276477291,3690.2100198747376,31846634.3,Medium
3742.7,3757.065035391093,3721.884676146907,23047546.6,Medium
3742.7,3789.1920106050015,3700.7711569325943,12878630.7,Medium
3742.7,3760.4900186475697,3693.69000468203,13005882.5,Medium
3742.7,3750.698449299031,3674.908934942968,4727030.1,Medium
3742.7,3767.933052744825,3674.574202113991,9543885.0,Medium
3742.7,3794.600156210451,3691.419504284243,14330798.3,Medium
3742.7,3787.5353406551017,3723.780302272667,20869295.2,Medium
3742.7,3769.9609822387774,3734.674624718688,35679159.1,Medium
3742.7,3805.712466383761,3685.466139270773,35540679.2,Medium
3742.7,3766.08855542058,3713.3586705640287,17631859.7,Medium
3742.7,3764.9705812761135,3730.3757706888314,7904582.399999999,Medium
3742.7,3786.261288312882,3679.562873399175,7152299.699999999,Medium
3742.7,3780.449235829765,3700.765907315148,16610102.6,Medium
3742.7,3778.156395659751,3671.471801325725,18687301.1,Medium
3742.7,3757.520817885129,3697.792790827824,1294974.2,Medium
3742.7,3782.328746727071,3671.310522771301,2443983.1,Medium
3742.7,3764.861871932049,3699.950563572616,29305341.0,Medium
3742.7,3774.331121286885,3726.727009208029,31386282.2,Medium
3742.7,3798.6078481754384,3670.408144186944,34552606.4,Medium
3742.7,3813.064233447199,3732.571474200407,35222549.7,Medium
3742.7,3801.473101476467,3725.968524280321,16022498.7,Medium
3742.7,3775.287853570723,3668.1373512063783,36644775.7,Medium
3742.7,3788.6140574807496,3683.5902677264594,26558199.2,Medium
3742.7,3799.5271301340817,3679.165011975999,9895698.8,Medium
3742.7,3775.898497359684,3705.429326076914,30023939.4,Medium
3742.7,3772.0604148957486,3712.028897762887,3248663.6,Medium
3742.7,3756.060026591706,3719.649358585368,28242414.2,Medium
3742.7,3798.799162731991,3735.1290932862894,27950483.6,Medium
3742.7,3806.070135953498,3735.592499908216,647487.1,Medium
3742.7,3768.9554290280735,3715.633640801015,32909561.1,Medium
3742.7,3802.158955774936,3723.037109061009,16527763.2,Medium
3742.7,3789.835743855319,3691.541067110273,27654810.3,Medium
3742.7,3802.199864737695,3726.895337131772,8544584.1,Medium
3742.7,3775.6934360543705,3674.313529527214,20861809.8,Medium
3742.7,3799.603827068396,3670.141007447103,25659951.2,Medium
3742.7,3775.492314435553,3705.187096540634,26644281.3,Medium
3742.7,3752.754395728558,3735.322357160449,4195566.7,Medium
3742.7,3785.5950826211697,3726.823263756458,4015917.1,Medium
3742.7,3778.7506063608407,3719.9581338367448,24065561.0,Medium
3742.7,3764.425317522757,3676.665366492765,18159580.4,Medium
3742.7,3809.8820389968223,3675.791339403441,15449865.6,Medium
3742.7,3773.667896265962,3670.242657523937,36255534.9,Medium
3742.7,3749.225008647894,3720.280226275942,9016164.3,Medium
3742.7,3773.616869262268,3726.4543974771577,19525665.9,Medium
3742.7,3776.6301443025454,3701.636111512062,12279798.7,Medium
3742.7,3807.714878625377,3714.469516075849,9641195.2,Medium
3742.7,3803.27365686652,3710.645660843415,18387885.1,Medium
3742.7,3760.6625838804734,3706.78719112669,27669781.1,Medium
3742.7,3806.107158995929,3734.626561287883,10928684.0,Medium
3742.7,3764.0731275065145,3715.874595996464,31094351.6,Medium
3742.7,3770.7580817903554,3686.1064616163007,2036028.8,Medium
3742.7,3751.905360126329,3704.919298553537,19802625.7,Medium
3742.7,3750.379159390191,3684.522253325967,21587893.6,Medium
3742.7,3794.8595483090367,3691.146369139021,11729621.8,Medium
3742.7,3812.10268486375,3672.030272243413,32804765.5,Medium
3742.7,3781.5017694267626,3689.865591102336,10876286.2,Medium
3742.7,3806.4673011792,3699.1670216043503,27909313.9,Medium
3742.7,3802.887383242269,3727.780631988068,10292425.0,Medium
3742.7,3793.7088681019854,3673.45627611794,22834212.7,Medium
3742.7,3816.005830989396,3668.0792346766902,27344166.2,Medium
3742.7,3803.487325897817,3679.047614756713,33785352.9,Medium
3742.7,3765.987242170289,3732.309881809102,6639549.8,Medium
3742.7,3802.550528767303,3731.033907809992,13451263.8,Medium
3742.7,3795.698770127388,3713.007687794796,33916347.4,Medium
3742.7,3774.853118336891,3689.462177293088,32056225.5,Medium
3742.7,3751.903867944561,3680.155048019925,28175045.6,Medium
3742.7,3761.686084818532,3726.099293495971,11108333.6,Medium
3742.7,3803.135322884018,3694.4956439254775,27085919.9,Medium
3742.7,3764.1128118702286,3727.6103199861054,36794483.7,Medium
3742.7,3817.401678388168,3730.985435510053,29114463.3,Medium
3742.7,3795.793098819168,3705.465848799883,25004978.7,Medium
3742.7,3780.3786109930543,3677.727349671277,17448467.4,Medium
3742.7,3787.007194608667,3694.320334242806,19338530.9,Medium
3742.7,3789.882653505572,3690.4918450121886,2301760.5,Medium
3742.7,3815.3456257807857,3710.998743928376,32976929.7,Medium
3742.7,3757.9443266138,3719.97909022413,36584892.5,Medium
3742.7,3765.813119641749,3672.674707597374,9169615.0,Medium
3742.7,3796.902641889597,3709.7015087364935,11624826.2,Medium
3742.7,3763.499312996717,3702.448438379172,17994901.599999998,Medium
3742.7,3808.4017738904986,3733.82149875053,22590937.2,Medium
3742.7,3771.0851957254768,3734.0398547552136,5610307.3,Medium
3742.7,3759.302424819233,3685.050385016005,20682160.2,Medium
3742.7,3749.8290742110194,3672.6811416152746,3207493.9,Medium
3742.7,3788.796237590562,3693.6810619212047,2979189.2,Medium
3742.7,3805.1295893660704,3674.953889449965,26049192.0,Medium
3742.7,3765.912484064834,3683.920514467992,2466439.3,Medium
3742.7,3811.690125669196,3729.793517098724,6089372.899999999,Medium
3742.7,3800.326169002642,3734.217208040931,35447111.7,Medium
3742.7,3750.801871223376,3671.964105220685,3278605.2,Medium
3742.7,3787.163376816437,3727.465422262602,7414288.699999999,Medium
3742.7,3786.794162939752,3694.217187189162,5932179.5,Medium
3742.7,3760.833657687993,3722.191697418421,14270915.1,Medium
3742.7,3770.232585674611,3702.296002235984,33066754.5,Medium
3742.7,3779.031507885303,3704.288841755849,22362632.5,Medium
3742.7,3749.86157636936,3687.847525386233,26580655.4,Medium
3742.7,3757.0934951736513,3680.607826415414,10524472.4,Medium
3742.7,3758.105265315357,3667.9274340127545,1396027.1,Medium
3742.7,3773.4106475058743,3724.1286254467823,4667146.899999999,Medium
3742.7,3799.588260451188,3707.905592782555,19274905.0,Medium
3742.7,3805.557783893162,3712.2188540598336,20352802.6,Medium
3742.7,3758.023107366031,3736.554142161688,34672372.8,Medium
3742.7,3799.911715698288,3722.116222471856,16830921.9,Medium
3742.7,3794.137757063929,3700.098617493421,36786998.3,Medium
3742.7,3809.7806383326047,3676.5967149477992,4693345.8,Medium
3742.7,3815.334705496671,3716.642736399966,12661554.1,Medium
3742.7,3755.2932556912665,3689.0782139716166,28736450.6,Medium
3742.7,3752.1795231616543,3672.1057258924793,8177799.5,Medium
3742.7,3803.312549118945,3726.20228716914,14532904.1,Medium
3742.7,3757.97488160727,3731.236704600246,35600562.4,Medium
3742.7,3760.2791473668112,3668.8033163441432,20352802.6,Medium
3742.7,3809.165421097511,3735.3998938518575,14652670.5,Medium
3742.7,3813.213714487327,3718.97452230786,12987169.0,Medium
3742.7,3769.0896041679794,3677.137418011765,5445628.5,Medium
3742.7,3806.330368440676,3719.371807665836,6643292.5,Medium
3742.7,3807.5171313530536,3726.4750739311935,5913466.0,Medium
3742.7,3789.492804076124,3683.360268218492,19503209.7,Medium
3742.7,3786.6979854567526,3687.3515377039625,4367730.899999999,Medium
3742.7,3787.391317871387,3731.293434057586,36214365.2,Medium
3742.7,3767.8677658092174,3703.274212773808,37135069.4,Medium
3742.7,3790.451139666102,3675.421006544328,20341574.5,Medium
3742.7,3763.764009732882,3708.80139876532,9049848.6,Medium
3742.7,3759.0743630692536,3723.158124858741,16640044.2,Medium
3742.7,3775.808143649682,3689.578573691743,28395864.9,Medium
3742.7,3796.6316633929728,3722.748064781847,23964508.1,Medium
3742.7,3790.633230703556,3674.391501812447,25996794.2,Medium
3742.7,3815.056719008549,3709.174415679697,28002881.4,Medium
3742.7,3792.413020249901,3704.270247382061,5120013.6,Medium
3742.7,3756.491725789253,3689.5701046964423,16116066.2,Medium
3742.7,3757.907136730908,3713.391670260971,26060420.1,Medium
3742.7,3753.0608253182168,3671.967553299407,14222260.0,Medium
3742.7,3760.037314954832,3719.5504610619178,36113312.3,Medium
3742.7,3788.963765883463,3670.282106440112,19301103.9,Medium
3742.7,3806.0543410107207,3711.35153883332,16692442.0,Medium
3742.7,3810.0067907664647,3683.468823412357,9704821.1,Medium
3742.7,3774.890340839226,3681.357900919145,12822490.2,Medium
3742.7,3786.164265320775,3694.794926706573,32999385.9,Medium
3742.7,3803.985934957314,3681.2240789796474,26064162.8,Medium
3742.7,3768.634440453866,3696.948667186815,18795839.4,Medium
3742.7,3788.801497275341,3696.123592862125,4349017.399999999,Medium
3742.7,3758.8219336682905,3728.953555770365,3780127.0,Medium
3742.7,3780.330103116684,3675.635242963205,5819898.5,Medium
3742.7,3758.750093428384,3728.005883173351,32505349.5,Medium
3742.7,3779.326441768479,3703.0200820697382,36060914.5,Medium
3742.7,3774.661064147192,3716.31962695754,34825823.5,Medium
3742.7,3777.2527248433903,3718.440050088565,14772436.9,Medium
3742.7,3763.7733932243286,3726.894505413756,7792301.399999999,Medium
3742.7,3756.1169189328807,3700.0031068046624,31876575.9,Medium
3742.7,3766.0456198333095,3678.900984671265,29376452.3,Medium
3742.7,3763.4795480446855,3703.620607980383,23249652.4,Medium
3742.7,3798.659457550844,3713.3644582028674,28556801.0,Medium
3742.7,3797.427729507312,3673.029243122482,3065271.3,Medium
3742.7,3788.006045514469,3729.439087451488,4405157.899999999,Medium
3742.7,3752.937565121719,3704.801179531888,33912604.7,Medium
3742.7,3786.710316598263,3684.812365197199,33987458.7,Medium
3742.7,3752.0773479227696,3675.104807273446,29133176.8,Medium
3742.7,3747.735007025658,3672.981630305664,21348360.8,Medium
3742.7,3771.516268122388,3730.992502602912,35185122.7,Medium
3742.7,3763.548161903029,3700.5184504131366,35510737.6,Medium
3742.7,3788.7288696686896,3723.915443444584,11733364.5,Medium
3742.7,3812.479674561864,3726.35860766276,23713747.2,Medium
3742.7,3797.632313502445,3677.403518492769,2421526.9,Medium
3742.7,3801.010728463877,3712.711996172882,32044997.4,Medium
3742.7,3814.061945239498,3731.414978656644,4985276.399999999,Medium
3742.7,3791.5337410809593,3723.436964779774,23081230.9,Medium
3742.7,3787.5258982938767,3711.870326677448,12504360.7,Medium
3742.7,3789.242314198366,3692.759763129099,5123756.3,Medium
3742.7,3808.011237341346,3694.567720907175,23904624.9,Medium
3742.7,3774.040926922314,3673.214846672042,2492638.2,Medium
3742.7,3803.0000929244334,3716.536344660585,11572428.4,Medium
3742.7,3792.825538580241,3710.718272206264,33523363.9,Medium
3742.7,3768.101178919121,3718.8274213678255,10254998.0,Medium
3742.7,3747.416100700013,3730.6659188949056,25285681.2,Medium
3742.7,3761.370383391068,3670.621535017768,20304147.5,Medium
3742.7,3796.21981103801,3732.127395124175,8013120.699999999,Medium
3742.7,3787.665231523386,3705.337739957931,23358190.7,Medium
3742.7,3765.96948607733,3698.423139231012,9498972.6,Medium
3742.7,3777.32651333454,3689.164651187828,1807724.1,Medium
3742.7,3793.4578482138895,3719.60998939962,37352146.0,Medium
3742.7,3755.479960662218,3702.258907197295,5108785.5,Medium
3742.7,3777.182662957785,3711.3910337028815,24327550.0,Medium
3742.7,3776.069389538848,3732.062485163706,4895451.6,Medium
3742.7,3785.027763922076,3730.387854733533,16557704.8,Medium
3742.7,3783.556660288121,3710.250976192527,29260428.6,Medium
3742.7,3772.5922226198654,3738.706698389987,33643130.3,Medium
3742.7,3800.6816798985774,3737.181627465696,35634246.7,Medium
3742.7,3751.2234444315272,3735.1695892082366,3259891.7,Medium
3742.7,3748.9698869819313,3684.5285642938247,10707864.7,Medium
3742.7,3776.3278879759823,3675.711071275453,36349102.4,Medium
3742.7,3810.207793832172,3674.6536911550265,28122647.8,Medium
3742.7,3766.18101735632,3738.37965956133,8903883.299999999,Medium
3742.7,3758.695840081372,3692.4372981147303,19346016.3,Medium
3742.7,3812.448805591674,3718.5892345984576,21471869.9,Medium
3742.7,3758.4052743235975,3733.988079344309,9236983.6,Medium
3742.7,3773.0980978583966,3731.579043534781,10363536.3,Medium
3742.7,3798.283940660192,3734.211824543068,14798635.8,Medium
3742.7,3764.997345444053,3699.8270568516464,35536936.5,Medium
3742.7,3762.787598725795,3717.134972588084,8016863.399999999,Medium
3742.7,3774.7213339722766,3727.1331149993034,23418073.9,Medium
3742.7,3802.43323554024,3728.612302428096,5726331.0,Medium
3742.7,3811.223910521745,3679.2656972996792,36195651.7,Medium
3742.7,3748.66795233995,3737.353687086672,19828824.6,Medium
3742.7,3758.183753577983,3703.7389059685465,17440982.0,Medium
3742.7,3814.610083852912,3733.784565923468,35327345.3,Medium
3742.7,3788.5968593707257,3728.578407025496,14091265.5,Medium
3742.7,3785.6542010728776,3705.86964136185,1796496.0,Medium
3742.7,3804.294848640668,3724.2445202166714,17201449.2,Medium
3742.7,3749.2717420410895,3693.681115631454,6351361.899999999,Medium
3742.7,3747.426613808037,3712.007323254414,11040965.0,Medium
3742.7,3815.242459616544,3683.1719259587335,32456694.4,Medium
3742.7,3805.363438592965,3692.1735574270265,2320474.0,Medium
3742.7,3799.589990082925,3669.416499377673,29009667.7,Medium
3742.7,3757.514784176002,3713.567977594423,24088017.2,Medium
3742.7,3780.3346245527055,3707.2307345407767,36165710.1,Medium
3742.7,3813.094862009017,3691.440845816326,647487.1,Medium
3742.7,3812.832180924293,3708.94252183932,10677923.1,Medium
3742.7,3747.1002737985527,3721.957653284567,22089415.4,Medium
3742.7,3799.953342333259,3738.482473753013,34773425.7,Medium
3742.7,3746.886275681122,3719.358606682332,7212182.899999999,Medium
3742.7,3816.437675446899,3677.5031548141897,7691248.5,Medium
3742.7,3776.0937797912766,3697.034407531762,1231348.3,Medium
3742.7,3815.6708844543496,3738.6266189340745,29967798.9,Medium
3742.7,3772.59365366102,3682.926764131989,25379248.7,Medium
3742.7,3767.2916293761537,3737.847134928143,35600562.4,Medium
3742.7,3768.934632727832,3671.176167511964,3720243.8,Medium
3742.7,3798.4022383114566,3702.4196193088633,16950688.3,Medium
3742.7,3760.64169479546,3674.381701089888,20816897.4,Medium
3742.7,3807.8869657383743,3675.957968898074,23047546.6,Medium
3742.7,3788.4390919882994,3676.0048335221272,34773425.7,Medium
3742.7,3815.414333939586,3712.2335156879135,32123594.1,Medium
3742.7,3816.635590697274,3725.739253485834,7784816.0,Medium
3742.7,3759.611232849197,3713.983651028409,17392326.9,Medium
3742.7,3814.40960434646,3729.408716198977,29874231.4,Medium
3742.7,3749.752112266456,3679.622576890455,24844042.6,Medium
3742.7,3748.424125645235,3698.524101098372,5490540.899999999,Medium
3742.7,3813.562137117784,3721.2802831112263,35911206.5,Medium
3742.7,3814.879983115828,3680.647273492627,17493379.8,Medium
3742.7,3756.91367342568,3706.183130331335,25850828.9,Medium
3742.7,3777.903463772872,3738.183646659025,29937857.3,Medium
3742.7,3781.578261985526,3728.05616860055,34904420.2,Medium
3742.7,3807.618417094424,3708.965664033566,25360535.2,Medium
3742.7,3791.094711456096,3733.438255358829,15738053.5,Medium
3742.7,3801.523125361328,3693.207881211756,20513738.7,Medium
3742.7,3780.938567304518,3724.925165937029,10782718.7,Medium
3742.7,3792.5522413042295,3696.7092987469646,7627622.6,Medium
3742.7,3798.738615623607,3738.28761873666,33860206.9,Medium
3742.7,3798.914397345028,3728.6603362276046,1598132.9,Medium
3742.7,3746.566279121832,3715.779904381915,19488238.9,Medium
3742.7,3753.5472930034407,3732.722121708177,20015959.6,Medium
3742.7,3772.303066725509,3669.017046963364,33609446.0,Medium
3742.7,3750.794530020214,3722.4582501991854,35637989.4,Medium
3742.7,3773.677595621981,3675.050631858864,28339724.4,Medium
3742.7,3774.14530503176,3690.148761920123,5322119.399999999,Medium
3742.7,3811.881703139418,3670.792417728306,16572675.6,Medium
3742.7,7278.300073812039,3674.210772891271,39406540.8,Medium
7193.6,7297.336562861293,7066.3124039629,21897318.4,Medium
7193.6,7322.054496349655,7107.437278444429,70734668.8,Medium
7193.6,7261.223128139435,7054.560618277761,71058380.8,Medium
7193.6,7201.061782784139,7161.69220040601,47664793.6,Medium
7193.6,7239.792871308163,7124.328130358266,18012774.400000002,Medium
7193.6,7312.071508467205,7079.643279180372,8538803.200000001,Medium
7193.6,7324.055808142402,7120.320774287965,2877440.0,Medium
7193.6,7248.83736713191,7050.490338595878,39687091.2,Medium
7193.6,7240.975854071171,7086.200870250233,52549248.0,Medium
7193.6,7327.153493040538,7158.202068027574,14595814.4,Medium
7193.6,7248.777796516149,7075.506141590068,37298816.0,Medium
7193.6,7289.941428714017,7065.10953447709,16120857.6,Medium
7193.6,7239.105817751935,7112.679725244527,22544742.4,Medium
7193.6,7214.176984748641,7051.020951791587,29680793.6,Medium
7193.6,7269.301777116813,7113.159971330309,57973222.400000006,Medium
7193.6,7326.979450326373,7080.736088082593,66130764.8,Medium
7193.6,7285.348428421579,7142.118684429309,4143513.6,Medium
7193.6,7229.335688952842,7153.763504404365,20883020.8,Medium
7193.6,7294.066982200567,7079.283272183724,16566860.8,Medium
7193.6,7305.811971797435,7160.031492903535,20559308.8,Medium
7193.6,7244.634640385638,7147.599319655104,68598169.60000001,Medium
7193.6,7277.225446252553,7136.079317256752,61116825.6,Medium
7193.6,7294.001862883944,7101.049763420832,27328486.4,Medium
7193.6,7222.710411345572,7139.6300919579335,29421824.0,Medium
7193.6,7332.565373886598,7142.542848384182,26184704.0,Medium
7193.6,7262.469996087826,7125.84907592058,4668646.4,Medium
7193.6,7334.6925614266975,7124.93091864828,29946956.8,Medium
7193.6,7226.70425266544,7183.540695371588,57843737.6,Medium
7193.6,7266.914994271929,7143.150913824138,68159360.0,Medium
7193.6,7223.462212018569,7122.213679633306,57584768.0,Medium
7193.6,7202.185098514121,7154.220173931233,39449702.4,Medium
7193.6,7233.305997987303,7121.210236148812,50865945.6,Medium
7193.6,7255.900600130727,7108.5969375072855,33176883.200000003,Medium
7193.6,7259.719859422968,7071.662372148256,14977075.2,Medium
7193.6,7321.9597061913955,7080.5153118641865,27292518.4,Medium
7193.6,7287.676951343612,7151.330830952832,70425344.0,Medium
7193.6,7260.172390328621,7168.812701337415,5186585.600000001,Medium
7193.6,7335.83154478635,7186.229121237961,34363827.2,Medium
7193.6,7284.744798887805,7131.923790006821,68339200.0,Medium
7193.6,7244.894657793401,7069.496477669846,52283084.8,Medium
7193.6,7295.280865146481,7164.347477218108,55189299.2,Medium
7193.6,7268.545072312437,7147.218020292924,53081574.400000006,Medium
7193.6,7321.230190556927,7112.162320503909,47779891.2,Medium
7193.6,7323.3273248807955,7105.24427108219,29652019.200000003,Medium
7193.6,7251.002464927921,7111.61239410227,3956480.0,Medium
7193.6,7277.653201729083,7186.059752531603,60433433.6,Medium
7193.6,7237.119089094739,7081.066064756243,50635750.400000006,Medium
7193.6,7286.441308609369,7063.354501956525,9272550.4,Medium
7193.6,7336.425995054714,7151.856989275661,856038.4,Medium
7193.6,7314.5904664743075,7168.198615861453,63584230.400000006,Medium
7193.6,7250.873918917549,7081.373721774883,65533696.0,Medium
7193.6,7213.830033901907,7086.6266989701,6984985.600000001,Medium
7193.6,7332.918147343033,7078.013766320529,6344755.2,Medium
7193.6,7254.041424214025,7060.806607262389,66605542.400000006,Medium
7193.6,7240.892431082279,7180.359638984888,31500774.4,Medium
7193.6,7244.029815365704,7113.005557472017,59821977.6,Medium
7193.6,7267.755541874812,7078.557046061426,41046681.6,Medium
7193.6,7331.560850378775,7117.898535389551,12085248.0,Medium
7193.6,7335.6435602841475,7110.940475293535,1445913.6,Medium
7193.6,7241.267727291763,7108.961258120087,37406720.0,Medium
7193.6,7248.831780624994,7184.986372496661,2237209.6,Medium
7193.6,7270.746501739331,7062.80968994639,58462387.2,Medium
7193.6,7201.912625510252,7157.596277680584,47290726.400000006,Medium
7193.6,7224.689981725704,7182.926827930694,60080947.2,Medium
7193.6,7328.732649228164,7099.828980438104,30846156.8,Medium
7193.6,7204.816761105169,7109.842714827598,11761536.0,Medium
7193.6,7214.594876350157,7168.944467264205,70425344.0,Medium
7193.6,7258.286961252941,7049.9610781825,20897408.0,Medium
7193.6,7300.767049734656,7132.897496474762,23702912.0,Medium
7193.6,7237.543446324585,7150.0507498904335,55412300.8,Medium
7193.6,7242.612487371962,7172.574969125628,36895974.4,Medium
7193.6,7242.545158166633,7113.346699727879,23623782.4,Medium
7193.6,7320.059435185602,7163.953464640013,8128768.0,Medium
7193.6,7231.696259062995,7166.49571605075,10653721.6,Medium
7193.6,7277.661781736562,7086.971750153643,12394572.8,Medium
7193.6,7337.462589284696,7177.267989935848,34191180.800000004,Medium
7193.6,7300.3590982971855,7088.933953280744,8984806.4,Medium
7193.6,7246.765469404936,7176.887397999924,26141542.4,Medium
7193.6,7305.415307330682,7132.512252013015,44470835.2,Medium
7193.6,7331.1732726203345,7169.330003682479,40428032.0,Medium
7193.6,7251.848149821125,7051.824823383825,25263923.200000003,Medium
7193.6,7297.563443474692,7154.116717745135,18365260.8,Medium
7193.6,7211.154405396337,7136.592286423581,19458688.0,Medium
7193.6,7323.161339172617,7157.521991625598,2999731.2,Medium
7193.6,7213.949815110893,7112.069197436585,23069875.200000003,Medium
7193.6,7251.764405476881,7060.352228301161,20753536.0,Medium
7193.6,7274.942430593061,7120.4374027756185,22508774.4,Medium
7193.6,7236.818970445867,7084.972825595646,2913408.0,Medium
7193.6,7289.534692645006,7137.900793758096,42952985.6,Medium
7193.6,7276.572031374032,7147.809888908686,14142617.6,Medium
7193.6,7298.817331147561,7172.930010206756,33371110.4,Medium
7193.6,7249.196801801913,7053.8421792162335,38967731.2,Medium
7193.6,7275.4219048155055,7134.671957811046,39543219.2,Medium
7193.6,7311.80180100013,7067.002371916586,64533785.6,Medium
7193.6,7311.598279457326,7101.707281823402,25040921.6,Medium
7193.6,7298.414776978795,7093.7093990681005,62965580.8,Medium
7193.6,7274.864530295152,7123.907923381273,58584678.400000006,Medium
7193.6,7292.813850036097,7141.678987197351,18876006.4,Medium
7193.6,7212.66825904405,7121.663203298538,37852723.2,Medium
7193.6,7265.212480885623,7081.658778925728,22386483.200000003,Medium
7193.6,7318.356637392039,7061.74279306565,13142707.2,Medium
7193.6,7283.807252049884,7118.710791238272,15574144.0,Medium
7193.6,7329.501340211204,7113.848935894322,66770995.2,Medium
7193.6,7236.627740804841,7086.295191056996,62533964.8,Medium
7193.6,7213.955976229618,7055.284469595982,37960627.2,Medium
7193.6,7286.438121796843,7096.496278220674,51815500.8,Medium
7193.6,7213.221210606363,7070.223160324377,59764428.8,Medium
7193.6,7307.694610056268,7131.172183119694,5618201.600000001,Medium
7193.6,7235.88474155796,7161.874437381822,38816665.6,Medium
7193.6,7274.429342009106,7090.087120640501,59433523.2,Medium
7193.6,7311.691315665161,7152.91141477878,67734937.60000001,Medium
7193.6,7308.501013337368,7065.331988042438,64677657.6,Medium
7193.6,7268.582673141143,7175.646583396542,62872064.0,Medium
7193.6,7334.170726417698,7121.356590216102,66418508.8,Medium
7193.6,7268.8093036981245,7126.761546671183,68749235.2,Medium
7193.6,7238.898364767067,7068.541210790276,9063936.0,Medium
7193.6,7242.129418615334,7053.994236139679,47643212.8,Medium
7193.6,7302.433497671187,7056.066291626516,26752998.4,Medium
7193.6,7260.536690704304,7178.898683524993,26184704.0,Medium
7193.6,7258.0329400389055,7050.990061495762,65871795.2,Medium
7193.6,7203.593675062943,7095.109781040499,6826726.4,Medium
7193.6,7242.518530521293,7151.924321923566,67519129.60000001,Medium
7193.6,7318.389382739824,7134.872637958297,49268966.400000006,Medium
7193.6,7310.61530921049,7064.940626890231,7409408.0,Medium
7193.6,7302.825509925054,7061.201788316066,70000921.60000001,Medium
7193.6,7203.954750885419,7169.746739408727,60253593.6,Medium
7193.6,7204.482589848418,7166.818272390802,55793561.6,Medium
7193.6,7243.364132305612,7180.365828139551,59361587.2,Medium
7193.6,7265.641114121539,7132.576096723498,18804070.4,Medium
7193.6,7325.135580922336,7139.233819851732,15976985.6,Medium
7193.6,7253.364187843932,7094.460815931066,59253683.2,Medium
7193.6,7240.228735751296,7164.313013357811,20026982.4,Medium
7193.6,7278.8578738631395,7077.476738582745,44693836.8,Medium
7193.6,7325.812553351573,7107.112705586058,71583513.60000001,Medium
7193.6,7301.749557260722,7171.233953213221,24422272.0,Medium
7193.6,7317.881376754881,7063.826025250087,29882214.4,Medium
7193.6,7225.696082591848,7070.308113299041,60289561.6,Medium
7193.6,7217.969215322377,7083.337336420804,49966745.6,Medium
7193.6,7275.156372038784,7120.836116367697,755328.0,Medium
7193.6,7296.109128665712,7102.980729296629,27400422.4,Medium
7193.6,7331.319838441979,7159.3748320899895,54412390.400000006,Medium
7193.6,7251.574328492778,7082.558303436932,41485491.2,Medium
7193.6,7248.160436068238,7091.559125312403,39521638.4,Medium
7193.6,7271.299740070312,7077.212426502577,46456268.8,Medium
7193.6,7294.409821288375,7058.216252889171,59289651.2,Medium
7193.6,7278.156824218077,7064.917349722703,20753536.0,Medium
7193.6,7299.6162783155905,7064.023984302468,29083724.8,Medium
7193.6,7252.774437100636,7127.635838076537,35061606.4,Medium
7193.6,7318.637392577511,7078.622031682971,62447641.6,Medium
7193.6,7225.802411370106,7053.885938191585,43082470.4,Medium
7193.6,7243.970941134348,7150.039111046456,22854067.200000003,Medium
7193.6,7306.538625199865,7081.819805468464,4215449.600000001,Medium
7193.6,7246.672746598298,7153.177403983606,69634048.0,Medium
7193.6,7292.115902004571,7147.409920303093,31112320.0,Medium
7193.6,7240.129316759254,7127.951427339846,11452211.2,Medium
7193.6,7226.366722156835,7125.97267234584,58541516.8,Medium
7193.6,7241.897245669015,7090.622159262837,47959731.2,Medium
7193.6,7322.026424649863,7172.09067281485,5927526.4,Medium
7193.6,7263.786368616577,7071.374367794523,33256012.8,Medium
7193.6,7231.602982548695,7167.800737995915,8682675.200000001,Medium
7193.6,7244.727312065335,7182.910636735706,40492774.4,Medium
7193.6,7201.172329918068,7131.298254580767,47161241.6,Medium
7193.6,7304.09626747737,7080.472403421217,58642227.2,Medium
7193.6,7231.638833114592,7138.78441051679,56397824.0,Medium
7193.6,7282.5164911105085,7070.1903786347,32457523.200000003,Medium
7193.6,7204.225531502792,7095.738045039829,44952806.400000006,Medium
7193.6,7314.851510484649,7089.515189656145,30220313.6,Medium
7193.6,7226.413249015412,7115.754814534498,4114739.2,Medium
7193.6,7201.445334243417,7105.849438576907,56628019.2,Medium
7193.6,7241.959467746894,7164.01908020516,51944985.6,Medium
7193.6,7326.604306623288,7065.104471137202,65569664.0,Medium
7193.6,7236.687291139593,7128.214287479475,56886988.8,Medium
7193.6,7269.608282027816,7126.419037159091,54369228.8,Medium
7193.6,7256.45312355906,7093.67390715746,48355379.2,Medium
7193.6,7241.011117830018,7064.982148302338,28249267.200000003,Medium
7193.6,7327.542803357536,7084.711546232337,51405465.6,Medium
7193.6,7308.63216164093,7126.083690911245,59131392.0,Medium
7193.6,7304.930692883995,7123.209367769681,39262668.8,Medium
7193.6,7272.701080002696,7148.361196089223,15941017.6,Medium
7193.6,7313.534373786717,7178.425477216117,39449702.4,Medium
7193.6,7263.450895518462,7057.971811116872,17775385.6,Medium
7193.6,7264.374963455171,7172.790117712927,40305740.8,Medium
7193.6,7268.281848948851,7149.431361219787,5143424.0,Medium
7193.6,7233.174110527335,7056.91065654211,45974297.6,Medium
7193.6,7327.036858298038,7107.437037035847,9553100.8,Medium
7193.6,7236.159228241321,7069.810183802171,36629811.2,Medium
7193.6,7227.877723396527,7091.3978476268685,18178227.2,Medium
7193.6,7234.109205109692,7180.06404522876,24084172.8,Medium
7193.6,7312.507979528847,7165.929126012568,25853798.4,Medium
7193.6,7305.837188084586,7170.34149934351,41363200.0,Medium
7193.6,7259.169875208881,7120.625349558394,43665152.0,Medium
7193.6,7202.6772886730405,7074.820838572865,39161958.4,Medium
7193.6,7334.1555031686785,7088.246109275458,25357440.0,Medium
7193.6,7218.907721953819,7158.094952394523,44017638.4,Medium
7193.6,7317.164689160345,7129.437971154081,47995699.2,Medium
7193.6,7307.638260723754,7090.964065979973,3841382.4,Medium
7193.6,7329.00829692306,7064.163056461099,71123123.2,Medium
7193.6,7306.500474884515,7061.192007178244,33486208.0,Medium
7193.6,7246.084938839693,7117.433946725784,19429913.6,Medium
7193.6,7232.4912403913795,7129.520674131255,66929254.400000006,Medium
7193.6,7252.415777027837,7097.329479093418,47837440.0,Medium
7193.6,7228.551229526746,7095.849795157727,56879795.2,Medium
7193.6,7299.143925202185,7053.379771420356,19012684.8,Medium
7193.6,7313.760844259483,7118.333070907604,11337113.6,Medium
7193.6,7289.147833510628,7112.9261381465385,33040204.8,Medium
7193.6,7226.2284567669585,7123.646292957136,29263564.8,Medium
7193.6,7205.903282487859,7088.398426409623,33874662.4,Medium
7193.6,7280.121916511984,7140.586822061982,52484505.6,Medium
7193.6,7264.031019725315,7181.532139234663,50578201.6,Medium
7193.6,7228.08881337996,7110.391909959971,23961881.6,Medium
7193.6,7251.102718821226,7147.960381252636,49837260.8,Medium
7193.6,7274.800341470624,7084.170461966919,13689420.8,Medium
7193.6,7287.299698238584,7162.929933545968,29400243.200000003,Medium
7193.6,7265.940508884509,7070.898819728655,25645184.0,Medium
7193.6,7333.562016646281,7082.4064757846045,2510566.4,Medium
7193.6,7207.111750454116,7134.934032667191,44233446.400000006,Medium
7193.6,7290.756404419855,7162.863641629529,18127872.0,Medium
7193.6,7325.110518723718,7069.521804863557,64397107.2,Medium
7193.6,7233.126817872218,7139.703899118468,35766579.2,Medium
7193.6,7230.002756533789,7172.171237772704,48175539.2,Medium
7193.6,7304.974360554228,7116.959153885641,39039667.2,Medium
7193.6,7267.270391980234,7180.895566162359,13279385.6,Medium
7193.6,7336.402834131456,7164.428947656748,35773772.800000004,Medium
7193.6,7281.314073851016,7168.309312426098,57318604.8,Medium
7193.6,7327.008165962045,7118.209358625896,23753267.200000003,Medium
7193.6,7202.462514290765,7141.543573265743,7157632.0,Medium
7193.6,7221.915828063226,7087.358871050417,7553280.0,Medium
7193.6,7294.338899966176,7171.620906910742,62361318.400000006,Medium
7193.6,7257.715557091392,7144.629014839465,10560204.8,Medium
7193.6,7315.051899806243,7145.580856436841,4143513.6,Medium
7193.6,7259.414705053677,7084.268087443427,43370214.4,Medium
7193.6,7298.244847663086,7066.16021912459,18509132.8,Medium
7193.6,7278.175445272107,7119.062935789793,70166374.4,Medium
7193.6,7217.181827736768,7109.637265449826,920780.8,Medium
7193.6,7298.922022210786,7077.487715267007,55649689.6,Medium
7193.6,7297.339367613321,7067.330872837798,28975820.8,Medium
7193.6,7216.60977175878,7082.021005293589,68950656.0,Medium
7193.6,7277.594758994827,7151.00715262825,67814067.2,Medium
7193.6,7246.66970735853,7176.4331941692135,56383436.8,Medium
7193.6,7263.508454050366,7157.578281195762,31932390.4,Medium
7193.6,7258.575581749537,7101.725060914785,22738969.6,Medium
7193.6,7215.113997933732,7111.385407661345,62109542.400000006,Medium
7193.6,7222.391928929514,7116.997725013135,20674406.4,Medium
7193.6,7212.658462760728,7176.404029247641,46420300.8,Medium
7193.6,7227.096949904086,7130.249411947834,54117452.8,Medium
7193.6,7317.304334835495,7182.826897826442,4546355.2,Medium
7193.6,7204.145316465018,7097.102073103369,51750758.400000006,Medium
7193.6,7259.786355181607,7152.801239379072,12552832.0,Medium
7193.6,7310.264304109717,7089.767976883683,47312307.2,Medium
7193.6,7214.496730981677,7113.659621894898,6258432.0,Medium
7193.6,7231.917129161184,7179.001985569968,53318963.2,Medium
7193.6,7300.218895325535,7167.378883036701,43269504.0,Medium
7193.6,7289.300030402968,7061.786109431537,58786099.2,Medium
7193.6,7277.746797164091,7066.7055225769,45700940.8,Medium
7193.6,7224.253192191433,7074.910428824918,10452300.8,Medium
7193.6,7309.388827465876,7108.342162533853,17660288.0,Medium
7193.6,7220.121854549357,7137.1763037093615,36881587.2,Medium
7193.6,7219.217560574118,7055.364077929752,5682944.0,Medium
7193.6,7309.457717799312,7062.105486513292,51182464.0,Medium
7193.6,7251.258453697872,7184.07913341724,51801113.6,Medium
7193.6,7243.521607217018,7169.859276754051,61821798.400000006,Medium
7193.6,7238.882050097801,7112.183298571059,65548083.2,Medium
7193.6,7245.210267542953,7092.026509392838,34932121.6,Medium
7193.6,7247.344568187877,7122.87300897728,20746342.4,Medium
7193.6,7295.972022173832,7161.521801009766,58577484.8,Medium
7193.6,7233.632253233834,7128.9631259588505,12495283.2,Medium
7193.6,7245.258699138489,7158.337883437052,41377587.2,Medium
7193.6,7306.884947039276,7076.489518957322,60016204.8,Medium
7193.6,7325.601559319601,7112.296250481003,38003788.8,Medium
7193.6,7284.555039873271,7130.525089175604,45218969.6,Medium
7193.6,7215.16099141381,7167.043697666179,22134707.200000003,Medium
7193.6,7274.816524890198,7116.093821561605,66663091.2,Medium
7193.6,7286.597412082792,7108.9930740110585,66814156.8,Medium
7193.6,7243.717820142595,7097.141089069211,23451136.0,Medium
7193.6,7313.963366171051,7089.972268779489,30579993.6,Medium
7193.6,7307.686880528195,7180.68944909852,7948928.0,Medium
7193.6,7279.425600183798,7134.7696849163685,1683302.4,Medium
7193.6,7220.614098737956,7135.5568861793445,63641779.2,Medium
7193.6,7296.110582919357,7163.103871765683,36795264.0,Medium
7193.6,7323.168422815997,7142.366169679032,42722790.4,Medium
7193.6,7234.977019522031,7180.373714997113,22551936.0,Medium
7193.6,7331.825254324658,7123.24140189453,69224012.8,Medium
7193.6,7306.213977542264,7116.178417630249,18523520.0,Medium
7193.6,7241.84107232629,7119.542921290234,64109363.2,Medium
7193.6,7285.099724329773,7167.000242681255,38399436.8,Medium
7193.6,7242.869762800098,7171.9369390429,3021312.0,Medium
7193.6,7214.388710155913,7082.645028522862,9322905.6,Medium
7193.6,7313.436921525884,7084.051289477975,61382988.8,Medium
7193.6,7291.79504018544,7145.817785104822,66792576.0,Medium
7193.6,7284.714226616006,7093.46126727539,70346214.4,Medium
7193.6,7220.225561859275,7057.721638111287,61908121.6,Medium
7193.6,7252.372900024668,7071.729955453095,20098918.4,Medium
7193.6,7320.610816797343,7146.029062825747,55865497.6,Medium
7193.6,7223.113792411851,7168.196677898469,55513011.2,Medium
7193.6,7207.340889950147,7179.404657391568,30184345.6,Medium
7193.6,7226.919878018986,7117.557617438026,37507430.4,Medium
7193.6,7234.98780309265,7123.871069470769,19681689.6,Medium
7193.6,7307.900606320283,7083.74201198485,29767116.8,Medium
7193.6,7289.380539255805,7081.389013422098,33824307.2,Medium
7193.6,7203.163978885116,7176.841816269915,12588800.0,Medium
7193.6,7203.156722073222,7053.632676141862,18897587.2,Medium
7193.6,7278.276096854106,7151.155106165659,13157094.4,Medium
7193.6,7287.350997756356,7135.274692792226,70454118.4,Medium
7193.6,7217.936062008529,7107.640410586005,69001011.2,Medium
7193.6,7284.230590207338,7181.1739928217885,26976000.0,Medium
7193.6,7233.644514553087,7088.970528662977,46657689.6,Medium
7193.6,7246.81613433336,7160.136831931833,13092352.0,Medium
7193.6,7256.672046276402,7061.072434564328,21523251.2,Medium
7193.6,7216.674918837627,7152.6825919769935,46643302.400000006,Medium
7193.6,7332.427693042448,7129.9161686311645,67814067.2,Medium
7193.6,7333.886167498689,7155.746001043993,39161958.4,Medium
7193.6,7261.615718862038,7098.09861274488,12236313.6,Medium
7193.6,7235.983706277647,7134.837270091744,55484236.8,Medium
7193.6,7331.812755199965,7153.716323790675,47225984.0,Medium
7193.6,7312.604376068236,7071.060581024444,14228940.8,Medium
7193.6,7299.780007041932,7090.328986642487,5416780.8,Medium
7193.6,7263.913296186248,7121.942213711939,16847411.2,Medium
7193.6,7256.910839987057,7147.32520772134,36047129.6,Medium
7193.6,7307.313811575965,7067.182774518532,36183808.0,Medium
7193.6,7271.813566094986,7129.0856911561405,69080140.8,Medium
7193.6,7291.080909802606,7122.796719238799,5575040.0,Medium
7193.6,7278.179950817468,7160.165101545901,20249984.0,Medium
7193.6,7298.133961952798,7072.427490097652,68929075.2,Medium
7193.6,7213.655721389429,7111.246254417973,57620736.0,Medium
7193.6,7252.406246747711,7096.622667166757,19437107.2,Medium
7193.6,7223.631082942827,7129.1631311390665,10142976.0,Medium
7193.6,7233.875772984977,7183.75793024378,31054771.200000003,Medium
7193.6,7228.241940798396,7145.332925605398,10344396.8,Medium
7193.6,7269.586886553173,7183.5809618683015,67339289.60000001,Medium
7193.6,7203.389531280754,7182.3158153331215,36471552.0,Medium
7193.6,7332.547149494351,7051.760622011607,15408691.2,Medium
7193.6,7271.724745451538,7173.45657153419,10869529.6,Medium
7193.6,7207.9789904470335,7124.764866854747,61800217.6,Medium
7193.6,7294.015627614501,7071.771561912251,55052620.8,Medium
7193.6,7237.544788466498,7128.789567479742,41758848.0,Medium
7193.6,7215.386423726839,7152.407333613408,11423436.8,Medium
7193.6,7314.278179313165,7129.821326370839,57858124.8,Medium
7193.6,7227.843294514167,7073.798587898393,17120768.0,Medium
7193.6,7215.111245860905,7180.270712100918,2409856.0,Medium
7193.6,7208.571482891568,7119.601028638072,26961612.8,Medium
7193.6,7300.37170669386,7159.958313650801,69482982.4,Medium
7193.6,7290.35502565008,7178.168884484356,31011609.6,Medium
7193.6,7201.91424541668,7079.038070895013,53534771.2,Medium
7193.6,7231.06520589961,7184.426952793135,15638886.4,Medium
7193.6,7297.108412521788,7129.690611788854,19494656.0,Medium
7193.6,7221.587968595569,7111.847953178398,23127424.0,Medium
7193.6,7279.622974236432,7162.776928024937,33119334.4,Medium
7193.6,7229.927484825332,7063.4701036133865,35090380.800000004,Medium
7193.6,7262.1942232730835,7130.548592566767,38421017.6,Medium
7193.6,7319.351596210169,7161.516744330276,58577484.8,Medium
7193.6,7242.151995529215,7102.871353656794,3517670.4000000004,Medium
7193.6,7294.551208699157,7099.007575960175,68727654.4,Medium
7193.6,7260.697177646781,7133.283411313657,62001638.400000006,Medium
7193.6,7213.935946309522,7182.105354461419,52484505.6,Medium
7193.6,7250.08461391634,7095.973687491441,1107814.4,Medium
7193.6,7315.778413420353,7153.908837332948,19933465.6,Medium
7193.6,7333.788003519234,7165.914810074904,26429286.4,Medium
7193.6,7316.298010609123,7074.202025161088,43305472.0,Medium
7193.6,7222.966716885503,7117.487491034675,33968179.2,Medium
7193.6,7248.017258097144,7125.18407759567,11049369.6,Medium
7193.6,7314.399067617317,7083.235770722701,21472896.0,Medium
7193.6,7276.499210079719,7122.073351802587,19063040.0,Medium
7193.6,7306.881432852322,7102.781108263674,65843020.8,Medium
7193.6,7307.099772427957,7130.88208585828,12092441.6,Medium
7193.6,29069.89347639979,7065.101275466805,97010753.4,High
29001.72,29219.39892749273,28661.073130113728,288045083.04,High
29001.72,29294.678223927385,28475.40519596376,239032176.24,High
29001.72,29551.571431534696,28477.433813399915,35150084.64,High
29001.72,29525.67514347704,28554.72101696716,177200509.20000002,High
29001.72,29263.82616728031,28670.724110078125,262523569.44,High
29001.72,29083.436772407804,28612.221903291946,192600422.52,High
29001.72,29253.637740513022,28850.34226633298,160553521.92000002,High
29001.72,29326.021969606256,28466.249068770416,15573923.64,High
29001.72,29529.074128161083,28498.975691247026,209914449.36,High
29001.72,29193.209832849258,28538.976604996744,239728217.52,High
29001.72,29200.915957943897,28958.67740365136,286101967.8,High
29001.72,29376.320178583963,28865.52746233128,281345685.72,High
29001.72,29309.09877650435,28467.58804671167,251647924.44,High
29001.72,29138.651917438987,28526.903125606725,115658859.36,High
29001.72,29110.47116379876,28506.456675555542,111772628.88,High
29001.72,29300.450679371563,28749.787263874347,28740704.52,High
29001.72,29460.19160747301,28831.44742523155,254809111.92,High
29001.72,29459.883191813093,28481.91467517239,28363682.16,High
29001.72,29568.42144097815,28767.20770843182,202983038.28,High
29001.72,29241.61195441577,28808.030824371497,273689231.64,High
29001.72,29246.720649283656,28806.933313260204,136830114.96,High
29001.72,29031.724321085163,28486.469196052112,285637940.28000003,High
29001.72,29488.03330992221,28875.22403837331,230476668.84,High
29001.72,29387.03512449905,28513.73156487051,150315914.76000002,High
29001.72,29454.97396847611,28709.562852284507,87092165.16,High
29001.72,29290.050483135765,28828.8195431662,82654902.0,High
29001.72,29537.778404164328,28650.7877756485,6264371.5200000005,High
29001.72,29046.764374044746,28818.9848537408,49244920.56,High
29001.72,29094.24541907763,28688.9977916886,161742592.44,High
29001.72,29237.919559815804,28634.5628470592,129318669.48,High
29001.72,29077.617856631656,28651.453098784496,263074602.12,High
29001.72,29079.15081513874,28522.944870075506,265974774.12,High
29001.72,29343.08709172131,28631.757550752314,281403689.16,High
29001.72,29149.812015650627,28851.13870355829,280011606.6,High
29001.72,29375.963096187665,28810.22252728868,222849216.48,High
29001.72,29542.851394788227,28751.10520659188,228794569.08,High
29001.72,29484.70774201704,28548.70561076098,240018234.72,High
29001.72,29167.61498224721,28474.48420451389,4379259.72,High
29001.72,29080.12892247177,28959.200150402543,160872540.84,High
29001.72,29554.30882227683,28425.312415485216,73664368.8,High
29001.72,29578.721478313742,28701.906643758284,176127445.56,High
29001.72,29237.080648098632,28900.123020656058,202548012.48,High
29001.72,29284.569945822448,28661.14143079841,112787689.08,High
29001.72,29110.805316896924,28720.05142078966,176910492.0,High
29001.72,29422.05454552881,28945.540497672453,155043195.12,High
29001.72,29263.16582289819,28654.428418330263,249124774.8,High
29001.72,29473.209307570127,28459.392125402588,137294142.48000002,High
29001.72,29348.83107405147,28712.283363893297,270905066.52000004,High
29001.72,29054.2969970257,28846.420116427467,53131151.04,High
29001.72,29215.29261813187,28603.00815468582,165454812.6,High
29001.72,29476.28463496211,28825.24788995833,133929942.96,High
29001.72,29409.89495620419,28468.41810547932,55393285.2,High
29001.72,29379.267494149823,28709.85055985084,132421853.52,High
29001.72,29401.29375536787,28540.40311784865,169834072.32,High
29001.72,29364.1168110737,28945.641881506748,183377875.56,High
29001.72,29384.00217589275,28569.09298011164,96981751.68,High
29001.72,29372.594024018817,28891.178602545995,209682435.6,High
29001.72,29324.65794709213,28852.748616820485,23172374.28,High
29001.72,29448.26514928657,28498.1092095126,122416260.12,High
29001.72,29234.324197517177,28904.431475978592,104087173.08,High
29001.72,29292.593575379826,28810.323041341577,106871338.2,High
29001.72,29251.933545234268,28768.88730585137,223458252.6,High
29001.72,29146.003537607037,28471.27271785993,10353614.04,High
29001.72,29208.093057668728,28893.981419508764,41965488.84,High
29001.72,29061.036825655792,28632.766949864406,185320990.8,High
29001.72,29210.098084534435,28860.909471102867,169689063.72,High
29001.72,29245.945768461635,28813.575112174305,140223316.20000002,High
29001.72,29082.17940959681,28727.47565481194,123518325.48,High
29001.72,29152.199700945,28671.17855250518,244542503.04,High
29001.72,29168.227377865314,28876.08167489835,12760756.8,High
29001.72,29156.065238449395,28644.56621997711,72330289.68,High
29001.72,29223.705322784903,28638.10677898342,112149651.24,High
29001.72,29110.553188444672,28747.601992323544,200691902.4,High
29001.72,29433.80287308563,28862.114923189096,203824088.16,High
29001.72,29219.535743240755,28788.713437980525,164265742.08,High
29001.72,29098.14896284181,28918.69691415888,260580454.2,High
29001.72,29357.81459835191,28562.28833630133,118820046.84,High
29001.72,29129.713735392063,28964.663670003465,78942681.84,High
29001.72,29062.712649973968,28789.890687106315,101854040.64,High
29001.72,29120.70102664284,28463.376450351265,47388810.48,High
29001.72,29262.15258686954,28869.38900835049,252807993.24,High
29001.72,29412.86782740522,28684.244106804064,116876931.6,High
29001.72,29384.20967175788,28890.47941339182,190570302.12,High
29001.72,29033.590384758674,28449.36485051292,197327702.88,High
29001.72,29467.850794273785,28520.552174227512,177171507.48000002,High
29001.72,29215.696656209435,28800.45142675257,174503349.24,High
29001.72,29405.2672788253,28558.371538845626,26507572.08,High
29001.72,29048.72570536977,28660.088651967457,93733559.04,High
29001.72,29247.711911097933,28850.580630325006,154086138.36,High
29001.72,29041.527747098007,28898.666571013357,193006446.6,High
29001.72,29480.55478803705,28835.3762769068,270325032.12,High
29001.72,29133.74674655187,28626.123907076308,90746381.88,High
29001.72,29402.419661268643,28446.606076426546,155449219.20000002,High
29001.72,29183.394230184287,28544.63460381667,79464712.8,High
29001.72,29105.304607274466,28474.88181524043,188859200.64,High
29001.72,29543.344853866343,28865.774707528708,236567030.04,High
29001.72,29358.59972870288,28468.749643697636,11136660.48,High
29001.72,29521.48853288432,28926.055742157056,250023828.12,High
29001.72,29199.668009977948,28452.440452508446,215221764.12,High
29001.72,29487.9881078755,28894.90383968637,81900857.28,High
29001.72,29549.61945988552,28773.50349260809,145211612.04,High
29001.72,29248.48092316698,28782.305947050245,212524604.16,High
29001.72,29528.92747621309,28790.95628194332,112903695.96,High
29001.72,29215.364914818263,28566.819086943044,181782780.96,High
29001.72,29209.58692744711,28510.14178277818,113918756.16,High
29001.72,29579.402962923225,28658.36880497834,259594395.72,High
29001.72,29555.53100171917,28671.813082505567,187902143.88,High
29001.72,29156.69789987783,28828.72906193729,103594143.84,High
29001.72,29492.04739665971,28474.956642642905,181898787.84,High
29001.72,29219.42720210358,28661.507508976112,12528743.04,High
29001.72,29570.316820735352,28746.07178789567,19605162.720000003,High
29001.72,29498.999005486905,28664.41589544287,121082181.0,High
29001.72,29529.36182778597,28915.15371573349,256462209.96,High
29001.72,29346.834572481104,28911.314341539943,176301455.88,High
29001.72,29192.808727995165,28461.75378063861,109249479.24,High
29001.72,29139.564453630777,28852.28692561088,133059891.36,High
29001.72,29321.59639907529,28823.7845362138,32800945.32,High
29001.72,29400.74882973728,28665.659596285197,224647323.12,High
29001.72,29439.47149960576,28704.44142437882,98576846.28,High
29001.72,29124.60843824558,28666.491326831278,198023744.16,High
29001.72,29326.01351672625,28771.354884368848,66471942.24,High
29001.72,29271.032482941388,28749.43142609195,229809629.28,High
29001.72,29145.46006501599,28879.704584364183,232361780.64,High
29001.72,29335.422027673245,28698.84560538281,199299819.84,High
29001.72,29182.75919757579,28739.655636630865,269977011.48,High
29001.72,29325.554266550287,28454.70141405083,18967124.88,High
29001.72,29140.988508613773,28901.201274271167,179027617.56,High
29001.72,29526.619467962715,28633.42518043431,81001803.96000001,High
29001.72,29217.02742573101,28440.13084129521,63368758.2,High
29001.72,29367.036031799264,28918.738141121303,95647672.56,High
29001.72,29097.91078083839,28575.35840441153,257013242.64,High
29001.72,29377.881782045035,28495.79065923081,144370562.16,High
29001.72,29180.624837227857,28789.64704976549,231172710.12,High
29001.72,29557.80188574689,28658.980424511967,203331058.92,High
29001.72,29247.91360155019,28923.32914676292,252227958.84,High
29001.72,29365.42258279451,28786.989051699788,273341211.0,High
29001.72,29149.64193726127,28835.60402005897,29639757.84,High
29001.72,29505.423260827207,28595.058098806952,76042509.84,High
29001.72,29473.93544348414,28942.032494936902,62585711.760000005,High
29001.72,29166.07480442596,28706.443310801435,163801714.56,High
29001.72,29532.73922097661,28667.531122073186,265742760.36,High
29001.72,29052.848449406927,28459.56654565516,149358858.0,High
29001.72,29445.414103494302,28465.14985109265,265220729.4,High
29001.72,29283.0223838757,28969.085284454803,267685875.6,High
29001.72,29491.087149169824,28652.55119164699,280736649.6,High
29001.72,29287.21970013866,28752.42191037864,76941563.16,High
29001.72,29066.85959793728,28677.22363082909,56698362.6,High
29001.72,29155.55571180301,28614.76741664281,84075986.28,High
29001.72,29578.654750098634,28821.527733229144,217483898.28,High
29001.72,29214.864500049986,28553.299342542723,58119446.88,High
29001.72,29119.05513335551,28465.48194815519,192571420.8,High
29001.72,29474.76083957021,28482.96810628502,138831233.64000002,High
29001.72,29055.556667774126,28556.4996904834,212495602.44,High
29001.72,29067.31511229729,28683.72556289896,193267462.08,High
29001.72,29194.66429039307,28705.36133979326,123808342.68,High
29001.72,29056.84120608796,28562.199684535688,171980199.6,High
29001.72,29579.39194871517,28546.91873326648,219485016.96,High
29001.72,29411.556322323257,28966.040095095464,104638205.76,High
29001.72,29317.030828997293,28951.873901067305,164990785.08,High
29001.72,29474.39471370353,28709.567059987185,256462209.96,High
29001.72,29395.773597205814,28495.327591362344,263393621.04,High
29001.72,29126.196371774106,28854.24275204388,68212045.44,High
29001.72,29151.747121239117,28893.602790813617,15080894.4,High
29001.72,29508.84962768169,28458.5153836645,142862472.72,High
29001.72,29216.39842294854,28481.68625884176,269019954.72,High
29001.72,29277.386177672703,28824.669973954227,285057905.88,High
29001.72,29246.25027969504,28509.69378979969,150808944.0,High
29001.72,29059.39184674904,28555.580956135866,211654552.56,High
29001.72,29418.96486369236,28424.22528648335,236944052.4,High
29001.72,29328.32018813417,28882.693662860675,131116776.12,High
29001.72,29403.29700133735,28478.22506712394,67254988.68,High
29001.72,29184.03630830841,28941.32024288593,279489575.64,High
29001.72,29254.944581434687,28601.83766403564,104290185.12,High
29001.72,29136.878034805908,28603.99046142894,119719100.16,High
29001.72,29261.98056515029,28468.140988980977,34802064.0,High
29001.72,29390.816843999502,28847.151419377165,54465230.16,High
29001.72,29551.276255236982,28878.1432160554,260986478.28,High
29001.72,29396.308318918487,28689.75671795669,21171255.6,High
29001.72,29320.10189344612,28447.820120067077,235145945.76,High
29001.72,29260.153666477323,28819.053989920063,9454560.72,High
29001.72,29088.88304539148,28533.729854959896,230360661.96,High
29001.72,29293.605248397555,28796.419698303987,233231832.24,High
29001.72,29116.191348264005,28832.137813512287,288538112.28000003,High
29001.72,29351.52588375372,28595.753678982852,131203781.28,High
29001.72,29433.11172423793,28547.64836771159,94777620.96,High
29001.72,29552.271733516787,28965.519945037307,87846209.88000001,High
29001.72,29194.297351247787,28651.13513524785,23810412.12,High
29001.72,29249.42964272841,28680.173255952508,118936053.72,High
29001.72,29131.53421754784,28758.362545446653,102753093.96,High
29001.72,29514.495632039983,28539.98254649223,151214968.08,High
29001.72,29484.81520151533,28776.59432664317,57220393.56,High
29001.72,29457.74994765431,28672.941021413437,241062296.64,High
29001.72,29062.29040347946,28736.954415783544,151533987.0,High
29001.72,29337.492326119547,28725.82715097424,211741557.72,High
29001.72,29160.221872924754,28705.127138917556,31727881.68,High
29001.72,29096.672174706226,28886.657421686705,45068672.88,High
29001.72,29461.41608131716,28529.986177730378,263654636.52,High
29001.72,29147.30997216367,28812.5923690597,218585963.64,High
29001.72,29306.685332260764,28688.22242213596,112091647.8,High
29001.72,29320.618000797367,28822.24873412472,211654552.56,High
29001.72,29148.247074281368,28499.22507215867,198226756.2,High
29001.72,29301.973709738548,28514.43154578848,199589837.04,High
29001.72,29059.82720973185,28448.89571099083,242454379.2,High
29001.72,29030.761642118465,28771.99684890176,57597415.92,High
29001.72,29515.807873267797,28483.97783989559,14703872.04,High
29001.72,29259.724676288257,28499.459759133737,288219093.36,High
29001.72,29530.73968370233,28656.533354137555,227141471.04,High
29001.72,29304.20329453479,28891.399937680188,258521332.08,High
29001.72,29268.27647893715,28584.709424198907,171632178.96,High
29001.72,29193.77897991165,28452.10929400551,269077958.16,High
29001.72,29075.734994208244,28521.25440318136,287088026.28000003,High
29001.72,29201.37359256589,28930.54716455815,23665403.52,High
29001.72,29366.008720919053,28960.30711406565,271572106.08,High
29001.72,29451.04192517769,28718.89283843561,76303525.32000001,High
29001.72,29328.734254405183,28469.62063463208,284245857.72,High
29001.72,29448.5454696777,28574.672773462964,47678827.68,High
29001.72,29117.64800232612,28422.024163787915,212263588.68,High
29001.72,29352.105982636192,28627.05625113372,97706794.68,High
29001.72,29517.064941564626,28486.580728571436,26014542.84,High
29001.72,29150.82491734967,28525.265946504824,27580635.720000003,High
29001.72,29156.174745275446,28675.92716862588,12644749.92,High
29001.72,29443.132493475023,28922.87707362922,155710234.68,High
29001.72,29478.191546467417,28900.62499845398,220906101.24,High
29001.72,29167.403353815505,28523.361095742057,238307133.24,High
29001.72,29213.42751780867,28769.18119521835,12441737.88,High
29001.72,29378.84730587229,28640.64341271156,223255240.56,High
29001.72,29250.270614715635,28811.9756400758,100490959.8,High
29001.72,29374.57215721972,28481.45653648402,62295694.56,High
29001.72,29304.270891018747,28467.974345148672,273689231.64,High
29001.72,29457.02887422716,28446.09340483661,128680631.64,High
29001.72,29496.834008090224,28461.00908015432,163772712.84,High
29001.72,29506.718742200348,28661.926467617024,178389579.72,High
29001.72,29367.692022468684,28641.062786690392,62150685.96,High
29001.72,29368.275580838643,28442.488355201323,52841133.84,High
29001.72,29278.49185571015,28767.384442929902,126302490.6,High
29001.72,29045.93796120177,28625.106486247278,99359892.72,High
29001.72,29195.579798133836,28730.41913660835,170762127.36,High
29001.72,29065.82124453535,28782.765319822272,98054815.32,High
29001.72,29271.955698943657,28460.565220641176,177403521.24,High
29001.72,29498.81585336736,28658.82572861756,79203697.32000001,High
29001.72,29359.579135245294,28716.429612124448,263393621.04,High
29001.72,29402.96225805184,28942.891516316213,259739404.32,High
29001.72,29134.320256549687,28887.038907090235,180245689.8,High
29001.72,29175.06646611517,28674.750963826857,162612644.04,High
29001.72,29120.612867446824,28424.65108121415,254925118.8,High
29001.72,29495.07076707425,28719.55377684271,67487002.44,High
29001.72,29185.18335078537,28628.21727543864,61512648.120000005,High
29001.72,29340.581893469174,28503.407918421253,216178820.88,High
29001.72,29108.488197856543,28466.65146095456,268062897.96,High
29001.72,29099.04366044588,28770.96864532386,286623998.76,High
29001.72,29222.251512156334,28882.572755973557,276676408.8,High
29001.72,29212.75710603228,28437.49859762091,220993106.4,High
29001.72,29211.93059875377,28682.054219816957,269599989.12,High
29001.72,29361.855324131364,28484.62495947648,17662047.48,High
29001.72,29204.842622536587,28808.23162017788,261189490.32,High
29001.72,29454.3203060933,28923.861845391,242077356.84,High
29001.72,29080.684276424607,28488.6899882874,177287514.36,High
29001.72,29209.689341615267,28743.17824321224,32365919.52,High
29001.72,29399.46900303608,28729.94564104309,96053696.64,High
29001.72,29362.957016694487,28430.756400850387,16559982.12,High
29001.72,29096.578731490656,28747.43259922979,189932264.28,High
29001.72,29272.88597671105,28656.60207194935,221515137.36,High
29001.72,29201.112851401274,28566.4467662299,166034847.0,High
29001.72,29378.90297773117,28848.62658198779,162119614.8,High
29001.72,29102.284488205358,28824.10591189636,127868583.48,High
29001.72,29400.225457658384,28565.601346992087,251676926.16,High
29001.72,29286.30860277677,28527.95512591136,107625382.92,High
29001.72,29182.195086748317,28862.183075423956,76854558.0,High
29001.72,29442.587786978624,28802.5929389615,108756450.0,High
29001.72,29134.26619117167,28967.91256011423,27435627.12,High
29001.72,29114.60979928408,28760.66287910575,166672884.84,High
29001.72,29039.183342879074,28476.174507521195,104058171.36,High
29001.72,29505.326363623943,28751.56656740874,30277795.68,High
29001.72,29302.03122343898,28554.476254505145,28827709.68,High
29001.72,29315.448907002286,28941.096140697795,8845524.6,High
29001.72,29093.959672247227,28648.76906174659,202751024.52,High
29001.72,29090.109893086374,28447.00890523495,227837512.32,High
29001.72,29214.647284138653,28430.29050529853,171487170.36,High
29001.72,29315.181675271702,28653.9988386091,95212646.76,High
29001.72,29416.925217197007,28964.828072747616,88049221.92,High
29001.72,29305.836002593875,28509.908332931333,109046467.2,High
29001.72,29488.93759083204,28567.866202235276,136105071.96,High
29001.72,29238.677227974,28959.11814172989,3857228.76,High
29001.72,29046.199121482616,28555.77285273617,4321256.28,High
29001.72,29265.54555019574,28576.251184978424,180245689.8,High
29001.72,29077.560946639795,28919.492493718404,151446981.84,High
29001.72,29208.18423421608,28677.156888556798,89151287.28,High
29001.72,29573.57414525329,28670.269679141787,119342077.8,High
29001.72,29503.151934010817,28479.62395063976,6728399.04,High
29001.72,29161.016545323284,28728.54344483677,185843021.76,High
29001.72,29237.88930610556,28664.60419116208,9541565.88,High
29001.72,29268.3077976268,28669.128785931058,46112734.8,High
29001.72,29451.638159331385,28686.52516573938,64702837.32,High
29001.72,29049.15769080807,28502.600075142916,132769874.16,High
29001.72,29052.004128477496,28451.094589069537,128361612.72,High
29001.72,29095.257492420234,28468.56636461967,49795953.24,High
29001.72,29376.949319064806,28864.467004362617,195297582.48,High
29001.72,29259.150453485145,28494.42199643237,192919441.44,High
29001.72,29498.50748433759,28797.624989671192,41588466.48,High
29001.72,29187.2469005274,28965.65872362632,36339155.16,High
29001.72,29300.315577181333,28678.94938005213,273138198.96000004,High
29001.72,29420.18375032027,28920.770687753207,90079342.32,High
29001.72,29331.145396813044,28697.58312265374,279721589.40000004,High
29001.72,29205.28886076736,28565.077844120544,151533987.0,High
29001.72,29114.777770603632,28506.66857034146,162699649.20000002,High
29001.72,29328.61187058177,28794.83756315829,63107742.72,High
29001.72,29109.05459842093,28510.509941646207,85584075.72,High
29001.72,29548.309173759728,28941.2377011327,11368674.24,High
29001.72,29328.21909007162,28633.4907507746,104899221.24,High
29001.72,29127.105769208327,28780.093927222188,23549396.64,High
29001.72,29427.819313949647,28670.337970758337,275487338.28000003,High
29001.72,29087.779607992503,28866.94877356315,86454127.32000001,High
29001.72,29455.923216627423,28845.30014013281,190802315.88,High
29001.72,29282.702964412707,28511.84241406634,262958595.24,High
29001.72,29103.822792880117,28533.218012122416,201184931.64,High
29001.72,29051.226217062816,28501.956245508343,62556710.04,High
29001.72,29578.105458115973,28709.1108750861,24709465.44,High
29001.72,29181.90761419401,28607.862146865544,217570903.44,High
29001.72,29555.44183024648,28720.23972070481,257651280.48,High
29001.72,29307.249941553604,28835.44272772514,280707647.88,High
29001.72,29307.89963508569,28969.303138115727,179752660.56,High
29001.72,29080.90411098145,28465.87469829766,40341392.52,High
29001.72,29554.591695245883,28588.591476919886,209856445.92,High
29001.72,29434.57129240395,28541.90340893463,188192161.08,High
29001.72,29316.557710851663,28931.87929367891,40283389.08,High
29001.72,29096.98733363302,28486.205777735668,114121768.2,High
29001.72,29127.52525089834,28891.86272038882,166469872.8,High
29001.72,29268.859642637777,28508.17509104124,119226070.92,High
29001.72,29230.338168841718,28551.332425138877,11107658.76,High
29001.72,29338.27400173617,28565.60530196012,265104722.52,High
29001.72,29072.78974501232,28594.049900100927,191672367.48,High
29001.72,29052.95369515232,28861.133219635845,220877099.52,High
29001.72,29312.356223615094,28610.25397104224,267047837.76,High
29001.72,29046.42691231705,28912.88145368728,126592507.8,High
29001.72,29063.536792817464,28499.040970261434,252111951.96,High
29001.72,29238.09816230177,28862.30746479207,91384419.72,High
29001.72,29064.76400636388,28730.481376227704,52058087.4,High
29001.72,29243.128081413008,28473.458151840423,262291555.68,High
29001.72,29163.93415467296,28534.411825736766,271108078.56,High
29001.72,29134.189290040416,28951.711674813378,125722456.2,High
29001.72,29253.71353208582,28703.535417618747,54581237.04,High
29001.72,29096.79269046246,28683.34559628905,103565142.12,High
29001.72,29223.38443749724,28512.44993817589,30509809.44,High
29001.72,29270.35130145121,28643.770939072227,250313845.32,High
29001.72,29488.080468271342,28936.39175160273,111105589.32,High
29001.72,29544.728410653748,28741.432867970107,263480626.2,High
29001.72,29200.62627389093,28608.92629927361,7859466.12,High
29001.72,29191.97705294917,28428.279012792813,168703005.24,High
29001.72,29342.89180294065,28761.07527800689,146574692.88,High
29001.72,29106.441559650037,28430.17521692173,6612392.16,High
29001.72,29223.424562379358,28670.278013497893,195268580.76,High
29001.72,29060.04568402948,28717.174642127517,214293709.08,High
29001.72,29239.600655170896,28743.8005653041,43705592.04,High
29001.72,29093.62284195941,28653.483304423167,120096122.52,High
29001.72,29340.298994449025,28736.580646276656,214206703.92,High
29001.72,29384.26083493525,28761.410695953484,166643883.12,High
29001.72,29574.64141486028,28433.715196724464,7859466.12,High
29001.72,29138.24950003644,28700.228026380057,68908086.72,High
29001.72,29144.89687535638,28542.8088323867,39413337.48,High
29001.72,29552.78083641283,28693.73133578794,238046117.76,High
29001.72,29507.16707845231,28844.916405815384,149851887.24,High
29001.72,29370.18763388625,28450.136485518236,22766350.2,High
29001.72,29494.364604637864,28487.08932578371,172357221.96,High
29001.72,29146.268944480835,28894.508340878798,144573574.20000002,High
29001.72,29512.34016465969,28485.06410172168,6960412.800000001,High
29001.72,47115.83315479609,28864.157143470715,430974130.15,High
46306.45,46571.05120114396,45759.864720409256,330813278.79999995,High
46306.45,46800.03475570408,45441.01534508177,203609460.65,High
46306.45,47170.79281378095,45763.48972903399,433428372.0,High
46306.45,46950.28793146056,46073.94801727986,251536636.4,High
46306.45,46933.89605356701,46027.03108823545,178094606.7,High
46306.45,46845.24996826827,45663.12169176758,435465855.8,High
46306.45,46589.28052276891,45602.88122123614,83444222.89999999,High
46306.45,47213.58835712223,45739.50658906087,204859734.8,High
46306.45,46746.4855275609,46012.53879921288,213843186.1,High
46306.45,46626.77726814697,46095.81838611566,390826438.0,High
46306.45,46993.77818787303,45684.17068862396,252462765.4,High
46306.45,46887.428848450094,46058.372741473446,146791446.5,High
46306.45,46653.86807049991,46116.9269479746,23616289.5,High
46306.45,46620.03914213639,46144.76249831516,264733974.65,High
46306.45,46541.48426873174,45610.09143119399,139799172.54999998,High
46306.45,46421.81058691323,45633.78770506781,353781278.0,High
46306.45,46903.27101533658,45444.13056065812,60568836.6,High
46306.45,46797.677116230414,46029.88290113677,420833017.6,High
46306.45,46559.381377612015,45741.52811517802,237829927.2,High
46306.45,46401.25625066629,45451.04439531631,342667730.0,High
46306.45,46369.38603607755,46063.4983574518,44315272.65,High
46306.45,47002.50182200258,45860.73144839193,231347024.2,High
46306.45,46518.38585092813,45410.3954435497,440281726.6,High
46306.45,46587.3555191525,45420.01649022498,259593958.7,High
46306.45,46365.172676318136,45810.038519353424,84185126.1,High
46306.45,46485.292087352034,45865.39456047272,149153075.45,High
46306.45,47122.11351106241,45428.863571582384,294509022.0,High
46306.45,46565.72703087824,45732.72808683504,182262187.2,High
46306.45,47192.07038478278,46042.87899872394,296639118.7,High
46306.45,46497.35250444565,45804.98785766332,332804456.15,High
46306.45,46575.58159237464,45756.39848699974,68626158.89999999,High
46306.45,47116.18724712585,45774.22472653029,427130694.8,High
46306.45,46728.09608639911,45903.21780475468,165406639.39999998,High
46306.45,46588.39839024511,46131.31950831143,190967799.8,High
46306.45,46962.30962139156,45496.40810765142,362718422.85,High
46306.45,46397.82835502408,46161.31479667098,54271159.4,High
46306.45,47136.33096750049,46137.43631978289,436206759.0,High
46306.45,47093.18127481764,46128.83164608497,343547552.54999995,High
46306.45,46428.24261623265,46225.46929859321,74321852.25,High
46306.45,47055.39923213296,45505.49172680969,132158608.3,High
46306.45,47198.4158791623,45475.59839957792,382028212.5,High
46306.45,46785.69039710239,46152.30932013601,91964609.7,High
46306.45,46852.63057929893,45854.04495343387,372489083.8,High
46306.45,46950.85695146726,45914.21084833836,393697437.9,High
46306.45,46587.428829334014,46149.15051650254,271170571.2,High
46306.45,46924.34307551936,45499.63139478836,364802213.1,High
46306.45,46770.55558485269,45499.917506645244,139799172.54999998,High
46306.45,46709.56127466672,45608.35484814338,279876183.8,High
46306.45,47147.06162030025,46113.59520084496,337574020.5,High
46306.45,47054.76959884781,46028.19624561047,300714086.29999995,High
46306.45,47175.04531669557,46090.94995716178,455285016.4,High
46306.45,47088.86159203432,45527.71894205551,387029309.1,High
46306.45,46389.54235972373,45848.72216111208,420740404.7,High
46306.45,46886.39468550628,46127.77756113201,75711045.75,High
46306.45,46966.55311006898,46251.2615875955,370775745.15,High
46306.45,46937.71304967127,46015.10363303994,264548748.85,High
46306.45,46592.02985391799,45403.08151711807,78952497.25,High
46306.45,46727.23563118332,46232.26121190703,185133187.1,High
46306.45,46387.095165793005,45458.22794331351,303816618.45,High
46306.45,46435.54258536923,46209.16626187236,229957830.7,High
46306.45,46845.90745970811,45669.1049373249,24264579.8,High
46306.45,46865.17545376211,45952.47230531831,179946864.7,High
46306.45,46529.80251761118,45859.38576173178,187957880.55,High
46306.45,46747.09531331923,46065.58064551639,62652626.85,High
46306.45,46768.10066846907,45962.30086490292,323126408.1,High
46306.45,46362.730802519785,45989.0648230929,132945817.95,High
46306.45,46478.1494489932,45636.43710272758,375545309.5,High
46306.45,46902.02971836359,45493.59500224318,307798973.15,High
46306.45,47226.26196893377,45900.01758989841,66403449.3,High
46306.45,46924.98577616927,45542.01381842307,132019688.95,High
46306.45,46458.52578467773,46249.98226765025,243294088.3,High
46306.45,47075.478146866495,45567.10937449001,296592812.25,High
46306.45,46732.43306827117,45797.3975286186,184068138.75,High
46306.45,46426.39778150659,45526.61005889857,20050692.85,High
46306.45,46880.49564445459,46063.02755321359,207730734.7,High
46306.45,46553.39654960501,45928.67665520062,39267869.6,High
46306.45,46719.45042977292,45646.28380760221,199951251.1,High
46306.45,46632.79890857478,45513.68415718107,127666882.65,High
46306.45,46918.35384937338,45839.309842045535,35470740.7,High
46306.45,46731.99047496713,45515.49690237136,180224703.4,High
46306.45,46444.24224040806,45777.71983194074,19865467.05,High
46306.45,46542.51267656699,45387.91296585562,187263283.8,High
46306.45,46793.059486787686,45464.15825817067,443476871.65,High
46306.45,47047.09852908117,45920.859421145055,68533546.0,High
46306.45,46361.3287944667,45419.48838395176,62513707.49999999,High
46306.45,46891.58378468912,45586.778563058535,442643355.55,High
46306.45,46454.71183441651,45797.79440697739,401245389.25,High
46306.45,46884.21275434574,45388.201392332005,201710896.2,High
46306.45,47088.99867770594,45648.681545517815,121091366.75,High
46306.45,46553.7809161973,46088.92401760188,344983052.5,High
46306.45,46788.72150308716,46159.811438020726,207869654.05,High
46306.45,47033.7856690515,46029.52818991005,451395274.6,High
46306.45,46507.23347552037,45613.03209942512,274504635.6,High
46306.45,46486.98318360295,45775.84802522747,87241351.8,High
46306.45,47149.03621401316,45910.72085098998,381426228.65,High
46306.45,46963.92223816074,45592.860155090944,55336207.75,High
46306.45,47000.81030453388,46239.21483490506,57975675.4,High
46306.45,47095.299080065626,45544.341848540855,215139766.7,High
46306.45,46827.35541607399,45601.80050661835,317754859.9,High
46306.45,46782.46662173353,46101.59714453208,100855448.1,High
46306.45,46842.16421152634,45917.8722149684,346372246.0,High
46306.45,46983.6050278217,46227.06206237518,113636028.3,High
46306.45,46696.71190670919,46249.77243125528,98447512.7,High
46306.45,46436.48761950557,45383.604610695154,101179593.25,High
46306.45,46472.05764676577,45830.61712140818,65662546.1,High
46306.45,47209.61823399741,45932.82777349908,335258698.0,High
46306.45,46398.2588155607,46087.54691752188,49779433.75,High
46306.45,46978.855190103815,45549.95761058597,205508025.1,High
46306.45,47183.02873872326,45639.20639263355,348502342.7,High
46306.45,46466.481914465054,46258.774371969244,102105722.25,High
46306.45,46988.22093669598,45581.60093189772,12780580.2,High
46306.45,46618.86458529936,46162.0585168805,426019340.0,High
46306.45,46561.24361667133,45425.515126307146,200923686.55,High
46306.45,47102.91304734568,45967.39484013725,105902851.15,High
46306.45,47152.82633378309,45863.25315590015,259547652.25,High
46306.45,46658.0993141524,46255.761236868806,455887000.25,High
46306.45,46909.37401899876,45534.82427265143,59689014.05,High
46306.45,46507.55034808111,45989.0101707341,95252367.65,High
46306.45,47047.60461124311,45770.56904046906,370312680.65,High
46306.45,47128.09117531251,45444.89927389892,401430615.05,High
46306.45,46633.13157151085,46122.69557443221,381565148.0,High
46306.45,46927.25152714642,45497.0473982606,426065646.45,High
46306.45,47123.84850382402,45820.02205825683,275847522.65,High
46306.45,46366.28363922267,45446.78616157825,283349167.55,High
46306.45,47105.65163040793,45536.6170327396,113543415.4,High
46306.45,46856.11555118104,45870.39972982644,439540823.4,High
46306.45,46717.0165215721,46182.092933674736,373785664.4,High
46306.45,46812.56565704488,46233.57514824218,383926776.95,High
46306.45,47077.78478729122,45490.975569603215,450885903.65,High
46306.45,46988.10231171545,45842.85698449524,23986741.1,High
46306.45,46793.78056915262,45676.20980368499,356050294.04999995,High
46306.45,46781.803962919694,45484.44939400731,172167381.1,High
46306.45,47143.943663890816,45992.09769923151,44500498.45,High
46306.45,46557.176360047146,45472.03104696322,228429717.85,High
46306.45,46436.95696004612,46235.91988893501,373415212.8,High
46306.45,46949.837570117816,46013.85862552565,288442877.04999995,High
46306.45,46970.57814927274,45545.93317025914,6390290.1,High
46306.45,46852.83529350198,45509.46107382068,132065995.4,High
46306.45,46583.74202255885,45428.85606312623,115627205.65,High
46306.45,46613.142626285626,45993.54739958206,440976323.35,High
46306.45,46895.64499707734,45573.67468746247,452136177.8,High
46306.45,46592.91135480842,45393.40369504123,216806798.9,High
46306.45,46792.33445912869,45796.47177391903,241997507.7,High
46306.45,46644.922951305045,46037.903638330135,271726248.6,High
46306.45,46801.85146774413,46225.86362631335,35748579.4,High
46306.45,46554.55598110271,45591.78365518624,172723058.5,High
46306.45,46527.01452508557,46137.98424980762,400921244.1,High
46306.45,46998.54474102995,45919.70271930626,347437294.35,High
46306.45,46692.12823552565,45988.03389550524,376702970.75,High
46306.45,46557.37342935432,45893.3889279527,189300767.6,High
46306.45,47108.01407660406,45463.02520398099,49686820.85,High
46306.45,46706.18158758822,45885.38510455499,404116389.15,High
46306.45,46454.70163426845,45457.090521369486,297611554.15,High
46306.45,46975.713015072906,45551.53371184593,5186322.399999999,High
46306.45,46599.08211950321,46006.42179051474,76961319.89999999,High
46306.45,46850.06932367951,45980.28165813125,414952098.45,High
46306.45,46901.495651100704,45934.7462612084,223613847.05,High
46306.45,47199.65108773874,45727.28149346846,180178396.95,High
46306.45,46520.89159563329,45667.08814730931,113404496.05,High
46306.45,46602.77743406634,45404.75381676288,135353753.35,High
46306.45,47172.94447981972,45444.97382439805,419027066.05,High
46306.45,46984.72674648009,45721.80501178235,220603927.8,High
46306.45,46748.08799355276,46219.4616291122,62930465.55,High
46306.45,46999.22665402244,45780.369608891655,253203668.6,High
46306.45,46716.46200323436,45905.01178123722,21995563.75,High
46306.45,46713.52902517103,45780.834942604735,229865217.8,High
46306.45,46490.37543756418,46224.79547082871,118914963.6,High
46306.45,46812.066269540286,45384.04950546779,371933406.4,High
46306.45,46583.85452468252,46210.03029129358,111644850.95,High
46306.45,46910.20624248369,46020.23359484105,81545658.44999999,High
46306.45,46703.45915823149,46196.687202943496,237922540.1,High
46306.45,47103.87946600453,45778.342950307,184021832.3,High
46306.45,47031.41865190306,45950.60587918906,459406290.45,High
46306.45,46482.9114444581,45929.94628524672,241395523.85,High
46306.45,46872.81248833447,45565.81616942159,11252467.35,High
46306.45,46980.72154275264,45464.76626666851,375406390.15,High
46306.45,46805.37316467687,46114.35960778769,230143056.5,High
46306.45,46453.00983820674,46014.69334720525,345631342.79999995,High
46306.45,46795.524855578966,45844.226249920655,223197089.0,High
46306.45,46733.63074297183,46160.827711127415,452877081.0,High
46306.45,46639.36254854339,45920.05862897725,371933406.4,High
46306.45,46865.28438202344,45994.3596753826,27274499.05,High
46306.45,46638.58645443364,45448.96797811159,302381118.5,High
46306.45,46560.00453503055,46085.46875389643,260612700.6,High
46306.45,47000.21898665693,45625.60549865801,40471837.3,High
46306.45,46540.48508612889,46070.195836546845,60476223.7,High
46306.45,47061.267216379085,45709.675199768695,460378725.9,High
46306.45,47214.244383351615,45748.094983491086,26857741.0,High
46306.45,46740.96822266854,45856.54757304137,68579852.45,High
46306.45,47067.51759064395,45541.41008428067,296824344.5,High
46306.45,46500.89017412964,46064.19194011333,138178446.79999998,High
46306.45,47054.24205043024,45840.22164623383,14077160.8,High
46306.45,47199.5567597124,45395.79039075096,358087777.85,High
46306.45,46807.64529106821,46098.90569523086,456627903.45,High
46306.45,46577.74450022373,45780.25977672958,53715482.0,High
46306.45,46494.255027462124,46002.26247230979,408422889.0,High
46306.45,47159.22540433894,46151.2161870243,222965556.75,High
46306.45,46638.3226886473,45510.89284198902,256861878.15,High
46306.45,46790.03153986505,45751.8886785274,276125361.35,High
46306.45,46734.09930260247,45750.87651136375,164850962.0,High
46306.45,46735.66887900749,45780.345750856206,277746087.1,High
46306.45,47026.04792411878,46097.8443498638,56493869.0,High
46306.45,47175.529827153456,45759.8472682394,399763582.85,High
46306.45,46913.00517029422,46179.73743427744,352947761.9,High
46306.45,47194.868241575976,45659.53983883048,349058020.1,High
46306.45,46520.31396396862,46214.870373182086,444634532.9,High
46306.45,46848.921182763246,46093.72413193061,197728541.5,High
46306.45,46955.88095391842,46001.28409750522,209444073.35,High
46306.45,46981.808747521325,46014.73357480388,150588575.39999998,High
46306.45,47017.76808183754,45545.63764326608,193375735.2,High
46306.45,46645.86942195253,46006.974044102346,195552138.35,High
46306.45,47128.93113453414,46195.07371996247,92612900.0,High
46306.45,46468.63397380562,46200.33084317426,54456385.2,High
46306.45,46597.81845246462,46128.686166370266,213565347.4,High
46306.45,46765.14159720803,45913.3246269458,166471687.75,High
46306.45,46873.60972141578,46086.98194899807,223521234.15,High
46306.45,46612.55413166773,46053.36557836869,356930116.6,High
46306.45,47151.4819238965,46098.27761964418,99327335.25,High
46306.45,46750.30148151523,45997.309411047456,205508025.1,High
46306.45,46441.035499161866,45815.957455993055,422361130.45,High
46306.45,47073.37666315607,45405.53049245571,33664789.15,High
46306.45,47202.18455846689,45563.332499852775,354522181.2,High
46306.45,46657.46332623404,46108.35594475389,284043764.3,High
46306.45,46840.74438293091,45553.77740829348,221622669.7,High
46306.45,46865.75511457476,45635.38768969837,135955737.2,High
46306.45,47058.04061091317,45463.20168321723,376795583.65,High
46306.45,46486.34718729648,45877.67876320837,250240055.8,High
46306.45,47092.91074581277,45497.25057600494,67144352.5,High
46306.45,46987.64476149516,45645.9480038909,252647991.2,High
46306.45,46383.47993785724,46019.87054329824,385315970.45,High
46306.45,46851.541201622415,45917.20970510654,342945568.7,High
46306.45,46377.42119046391,45522.43117912452,156978865.5,High
46306.45,46789.53551038705,45549.50007231246,401847373.1,High
46306.45,46880.133627821895,46044.14185904266,412358937.25,High
46306.45,46911.33793154991,45524.37092305971,307706360.25,High
46306.45,47168.24520382543,45428.04515127323,133594108.25,High
46306.45,46614.1139138295,45487.86218659825,60290997.9,High
46306.45,47095.82453835807,45924.67774517308,6529209.449999999,High
46306.45,46750.63087111165,45784.01719905063,70663642.7,High
46306.45,46939.54517795975,45515.84830049065,74877529.64999999,High
46306.45,47063.60329261152,45629.83829901664,273810038.85,High
46306.45,46989.78419489486,45636.257033358845,17781676.799999997,High
46306.45,47052.65580664277,46009.17288210004,210972186.2,High
46306.45,46912.38474580828,45722.74627364757,396661050.7,High
46306.45,47057.301287317285,46212.22743226592,185225800.0,High
46306.45,47152.527005119344,45998.70656719166,164665736.2,High
46306.45,47148.484541441954,46081.72533263653,332665536.79999995,High
46306.45,46641.23989939912,45919.63940035499,461212242.0,High
46306.45,47207.92006149441,45610.63251294194,71960223.3,High
46306.45,46403.49317374612,46030.913590582895,440791097.55,High
46306.45,46895.08143956236,46102.73001812929,130352656.75,High
46306.45,46788.46618317992,45519.30157494686,191106719.15,High
46306.45,46555.53449376172,45455.01972586086,236116588.55,High
46306.45,46823.59177072908,45867.55212636508,226392234.05,High
46306.45,46410.78484688171,46045.02889689647,246304007.55,High
46306.45,46839.92665210218,46038.10633874314,428380968.95,High
46306.45,47104.53441395632,45893.9790999096,129796979.35,High
46306.45,46476.787157500745,45554.13615843816,298583989.6,High
46306.45,46639.00864058642,45766.1393057877,417221114.5,High
46306.45,46908.03293570113,45752.19036502745,444078855.5,High
46306.45,46668.877817232766,45399.5386862544,448570581.15,High
46306.45,46717.88547160279,46191.80316022516,407496760.0,High
46306.45,46650.53318226893,45842.21605501306,80573223.0,High
46306.45,46777.42030835851,45838.35460023556,375869454.65,High
46306.45,46681.10266565804,45772.74475400548,461536387.15,High
46306.45,46479.6693775914,46112.3859421158,398281776.45,High
46306.45,46527.676431324144,46111.52203464409,242136427.05,High
46306.45,46422.479386913066,45894.62253771042,199302960.8,High
46306.45,46764.21168384614,45726.779937715626,255055926.6,High
46306.45,47096.5618954395,45993.73106027806,229078008.15,High
46306.45,46432.42533508922,45822.41493516031,56864320.6,High
46306.45,46932.31799697381,45391.97224866626,399763582.85,High
46306.45,46722.47826259926,46233.36965468098,270198135.75,High
46306.45,47119.41712244108,45850.26300662343,129565447.1,High
46306.45,46672.40790034232,45843.19151072707,441809839.45,High
46306.45,46963.74340310479,45651.4766889696,307335908.65,High
46306.45,46703.9043868871,46025.75872124753,219307347.2,High
46306.45,46829.57490931843,45556.34351892728,247739507.5,High
46306.45,47034.57110036515,45907.34049665908,253296281.5,High
46306.45,47204.29893719607,46176.417531062,394808792.7,High
46306.45,46471.433468080686,45705.80211506103,375730535.3,High
46306.45,46818.2679752913,46236.92226639191,199349267.25,High
46306.45,46469.12938422768,45629.48481615625,50242498.25,High
46306.45,46379.59431084015,46249.46224226655,52048449.8,High
46306.45,47010.820271985256,45735.17965105079,418564001.55,High
46306.45,47217.8607290873,45493.91314783332,120535689.35,High
46306.45,46876.60568484733,45645.668066584905,289970989.9,High
46306.45,46416.48432443112,45710.83183562894,131464011.55,High
46306.45,46407.0661178124,45880.24398108231,425509969.05,High
46306.45,46629.50231359799,45964.35115301653,271031651.85,High
46306.45,46687.86683530044,45934.349200509314,164480510.39999998,High
46306.45,46356.15827002446,45930.18684885429,257371249.1,High
46306.45,47094.16787067544,45793.93998395199,157488236.45,High
46306.45,46765.0234949373,46134.0385125839,60568836.6,High
46306.45,47228.80252190267,45484.24393703154,38017595.45,High
46306.45,47130.64886100974,45709.48413262639,341278536.5,High
46306.45,46793.35073811861,45930.70611321902,423426178.8,High
46306.45,46904.45633089181,45395.97113912774,30515950.55,High
46306.45,46629.50639208956,45492.474147781126,397031502.3,High
46306.45,46619.655991343134,45726.25298274175,42833466.25,High
46306.45,46467.31371187487,45933.07055658872,112107915.45,High
46306.45,46832.611859124205,45935.40645242576,373600438.6,High
46306.45,46424.61267070748,46201.45346791965,400597098.95,High
46306.45,46745.91365487449,45958.78587605363,71034094.3,High
46306.45,46635.81684953742,46043.9850256451,30932708.6,High
46306.45,47048.28550501844,45724.72654980308,289276393.15,High
46306.45,46688.36090260639,45626.52747571639,129935898.7,High
46306.45,47145.91234528663,46002.86160747953,386103180.1,High
46306.45,46519.50959630505,45779.6306643852,6112451.399999999,High
46306.45,47171.472309773024,45567.65313129861,119841092.6,High
46306.45,46874.74341853648,45695.38210279253,278116538.7,High
46306.45,46458.54772308644,45605.853557693576,167721961.89999998,High
46306.45,46794.55949349219,46068.27212304465,303585086.2,High
46306.45,46588.47691282151,45701.41233374585,335027165.75,High
46306.45,47011.77565080073,46019.26193750606,431205662.4,High
46306.45,46925.79318129402,46057.12397900335,372396470.9,High
46306.45,46407.95344736583,46021.766822164944,264826587.55,High
46306.45,46720.12302990738,45937.66613981031,28432160.3,High
46306.45,47133.2788864156,45845.79955182351,72284368.44999999,High
46306.45,46711.57183462694,46058.43416298206,43898514.6,High
46306.45,47007.01938701253,45952.23777516547,316504585.75,High
46306.45,46452.5129929465,45471.3855240421,52696740.1,High
46306.45,47115.489247319885,46141.69576092602,389252018.7,High
46306.45,46794.8072452624,46070.34465744203,159062655.75,High
46306.45,47186.45181136122,46206.744750128775,168138719.95,High
46306.45,46825.50373363264,45636.45394677536,32136676.3,High
46306.45,47029.53855272997,45794.35606581254,308539876.35,High
46306.45,47208.04417680248,45842.82581833153,128685624.55,High
46306.45,46994.45239611145,46229.86430231736,133871946.95,High
46306.45,46860.65454884401,45414.33259460373,338639068.85,High
46306.45,46675.39454049683,45517.50525061885,252138620.25,High
46306.45,46390.17098094602,45538.35991024194,459128451.75,High
46306.45,46733.31991882293,45490.10747886805,97521383.7,High
46306.45,46715.666058321534,45576.499291497785,453571677.75,High
46306.45,47076.90518432342,46137.46323390913,360217874.54999995,High
46306.45,46519.265248561496,45405.40260207063,342714036.45,High
46306.45,47006.1521373904,45438.63698215568,398281776.45,High
46306.45,46385.80576367899,45647.71921086992,282561957.9,High
46306.45,47132.60065319543,46003.22597194984,409256405.1,High
46306.45,46940.42740816575,46259.16597178245,213194895.8,High
46306.45,46724.43202014809,45832.67140908689,339518891.4,High
46306.45,46586.35613113264,45736.82204204343,44732030.7,High
46306.45,46514.99664331933,45385.61636760274,432826388.15,High
46306.45,46868.0202466682,46143.20190316957,162952397.54999998,High
46306.45,46713.69368711788,46181.99762533264,16392483.3,High
46306.45,47006.48474601698,45885.058974763975,177400009.95,High
46306.45,47150.557148164895,45599.43533158645,115349366.95,High
46306.45,46612.87734715927,45960.94200551263,140493769.29999998,High
46306.45,46924.55343952054,45677.384063458776,87797029.19999999,High
46306.45,46724.676967338215,45477.59560063291,22967999.2,High
46306.45,46390.359179824,45562.30174442437,422916807.85,High
46306.45,46894.22799369955,46170.75722268395,387538680.05,High
46306.45,46672.75016890736,45867.67641818096,20513757.35,High
46306.45,46364.83293420047,46226.71675590352,74831223.19999999,High
46306.45,46768.27902725474,46111.7717493666,440883710.45,High
46306.45,46433.40881612095,45582.05460933598,21717725.05,High
46306.45,46905.43428009703,46106.9724868097,331276343.29999995,High
46306.45,46815.97982478014,45768.48634816043,337249875.35,High
46306.45,46792.97455709885,45719.07161007924,69876433.05,High
46306.45,47177.04390425504,46122.33136856249,346048100.85,High
46306.45,47127.37631143189,45455.2623821472,291313876.95,High
46306.45,46980.891653035695,46208.672305408094,214445169.95,High
46306.45,46860.8897908361,45451.3802276928,13567789.85,High
46306.45,46574.796663123474,46160.02028299983,189022928.9,High
46306.45,46359.93823686993,16247.716725062282,37777942.5,Medium
16547.5,16601.660961419697,16415.286672839477,44214920.0,Medium
16547.5,16664.74880663579,16282.624581083985,128689907.5,Medium
16547.5,16625.899226573358,16407.003201883937,21859247.5,Medium
16547.5,16743.258126796918,16300.446268837588,145336692.5,Medium
16547.5,16732.23705999492,16262.9587155279,8687437.5,Medium
16547.5,16686.598904767998,16365.753202978442,147984292.5,Medium
16547.5,16815.740700188126,16404.5188147705,84193680.0,Medium
16547.5,16793.92513454862,16406.879011359222,55219007.5,Medium
16547.5,16780.31959275364,16513.159908275335,67877845.0,Medium
16547.5,16722.089854484355,16526.29440151164,67133207.5,Medium
16547.5,16577.706788743875,16297.172190862177,21892342.5,Medium
16547.5,16698.620488090583,16400.349863919593,42477432.5,Medium
16547.5,16720.99151673764,16483.448555873016,70591635.0,Medium
16547.5,16704.851903907187,16256.939089272924,78104200.0,Medium
16547.5,16565.45433382474,16330.435475053691,115964880.0,Medium
16547.5,16769.17276427423,16381.767115175668,67629632.5,Medium
16547.5,16644.972432045954,16418.71552565849,67116660.0,Medium
16547.5,16578.088346025674,16422.56339312127,119737710.0,Medium
16547.5,16722.339289460382,16414.177035174675,134647007.5,Medium
16547.5,16853.469898477146,16252.217600418951,121988170.0,Medium
16547.5,16573.30359869099,16411.918415831842,24208992.5,Medium
16547.5,16568.367891215643,16524.87936578748,17391422.5,Medium
16547.5,16748.83696787986,16485.38498500917,138833525.0,Medium
16547.5,16734.763730475348,16422.103765094747,45356697.5,Medium
16547.5,16568.985615238304,16478.650952202708,36487237.5,Medium
16547.5,16596.452572883907,16272.205071017368,100708085.0,Medium
16547.5,16827.012066524057,16216.948784749988,90233517.5,Medium
16547.5,16706.35815917469,16425.890810833138,28263130.0,Medium
16547.5,16603.155167600107,16378.408699178422,142291952.5,Medium
16547.5,16613.069290021365,16515.981229192745,142556712.5,Medium
16547.5,16756.28033675353,16469.812496429127,15174057.5,Medium
16547.5,16667.380910423435,16458.935304405775,76995517.5,Medium
16547.5,16572.129289219458,16409.126903084387,141547315.0,Medium
16547.5,16764.01330525716,16271.125051860916,2631052.5,Medium
16547.5,16574.21934083336,16405.43979245068,107840057.5,Medium
16547.5,16598.719791506035,16297.845491590737,50867015.0,Medium
16547.5,16613.96463424638,16364.762518172338,96190617.5,Medium
16547.5,16609.094433564664,16322.299530915114,67712370.0,Medium
16547.5,16803.48479423743,16468.944851870663,48583460.0,Medium
16547.5,16593.426984943428,16518.74997038933,113102162.5,Medium
16547.5,16610.780787917356,16453.39869030937,130394300.0,Medium
16547.5,16704.590312427692,16499.12469711797,17838205.0,Medium
16547.5,16608.090162621633,16310.031865153169,5973647.5,Medium
16547.5,16798.886054391587,16351.98657306725,36950567.5,Medium
16547.5,16717.396014815113,16281.414867917158,111546697.5,Medium
16547.5,16840.60958288639,16404.375187388137,92666000.0,Medium
16547.5,16576.031226464496,16449.053111967034,119042715.0,Medium
16547.5,16832.924011271458,16260.23910243339,74083157.5,Medium
16547.5,16612.40604861949,16353.148289161338,38936267.5,Medium
16547.5,16855.069375049243,16382.271935922949,86129737.5,Medium
16547.5,16666.555639921808,16250.71179693668,64485607.5,Medium
16547.5,16724.638964165933,16421.599360543063,160775510.0,Medium
16547.5,16571.496976849274,16402.392625706387,114856197.5,Medium
16547.5,16793.29059626517,16450.011280946386,57502562.5,Medium
16547.5,16631.25772656579,16489.22892410505,149291545.0,Medium
16547.5,16852.234095387008,16351.4613457124,59190407.5,Medium
16547.5,16772.115001638776,16241.280230332715,160610035.0,Medium
16547.5,16653.218068402803,16326.967432068135,51462725.0,Medium
16547.5,16646.07781272496,16322.233123194885,72660072.5,Medium
16547.5,16617.646590852957,16261.061892315263,100956297.5,Medium
16547.5,16816.157590957624,16310.83269184546,18549747.5,Medium
16547.5,16701.905686075785,16412.7558888696,17043925.0,Medium
16547.5,16651.119892600687,16278.385077586952,106433520.0,Medium
16547.5,16863.61633665933,16491.96741651273,148033935.0,Medium
16547.5,16816.274023256192,16256.960487112348,47722990.0,Medium
16547.5,16748.382632259218,16370.877025466638,120730560.0,Medium
16547.5,16816.339363471317,16359.344871067122,40806135.0,Medium
16547.5,16601.81564861712,16240.860983913764,9597550.0,Medium
16547.5,16775.377471750904,16316.316236101116,83482137.5,Medium
16547.5,16665.961565542013,16506.37613296341,49708690.0,Medium
16547.5,16780.202039830172,16451.43821141583,19840452.5,Medium
16547.5,16866.394905635763,16307.485733977122,67116660.0,Medium
16547.5,16809.39450621736,16501.675010185845,159269687.5,Medium
16547.5,16741.860612328164,16448.80014512309,147885007.5,Medium
16547.5,16798.44500449741,16448.048620360427,18748317.5,Medium
16547.5,16711.292146907974,16308.447157786595,79626570.0,Medium
16547.5,16652.062964030716,16514.722008546254,55996740.0,Medium
16547.5,16576.822943752206,16422.489566567707,33310117.5,Medium
16547.5,16776.96183043716,16396.899785874262,89935662.5,Medium
16547.5,16608.878603520334,16507.909061466606,104199607.5,Medium
16547.5,16708.467647259335,16386.829910363347,127266822.5,Medium
16547.5,16773.676795177085,16363.876582445822,161536695.0,Medium
16547.5,16844.27256371169,16225.724719873077,8356487.5,Medium
16547.5,16755.632950961983,16256.31620014974,121226985.0,Medium
16547.5,16632.50068350974,16238.38425109724,145551810.0,Medium
16547.5,16713.09178334336,16445.83432113775,90796132.5,Medium
16547.5,16773.948918707403,16483.739544382228,14958940.0,Medium
16547.5,16625.45581732792,16330.208904524095,148960595.0,Medium
16547.5,16794.244142975742,16467.592572731115,79940972.5,Medium
16547.5,16804.19574975857,16346.561065871938,116924635.0,Medium
16547.5,16728.332036452666,16469.416122663202,164217390.0,Medium
16547.5,16834.056756701284,16510.471055214715,135755690.0,Medium
16547.5,16634.70626694535,16389.80960979752,3656997.5,Medium
16547.5,16733.113512327553,16330.851090289798,142937305.0,Medium
16547.5,16845.17495478541,16501.356325750774,91474580.0,Medium
16547.5,16785.434495397174,16358.119772427108,156373875.0,Medium
16547.5,16817.73080137207,16393.6105198701,151922597.5,Medium
16547.5,16633.87410144897,16450.703810878895,128474790.0,Medium
16547.5,16744.1311467049,16476.91366385502,156440065.0,Medium
16547.5,16665.92733985111,16457.279835608388,149506662.5,Medium
16547.5,16771.212473884232,16249.05558879371,44860272.5,Medium
16547.5,16728.35727950388,16520.932350778352,21544845.0,Medium
16547.5,16760.702744032573,16484.583002217874,111232295.0,Medium
16547.5,16758.244499826713,16368.038597446885,39052100.0,Medium
16547.5,16795.584763132767,16316.328489380208,164879290.0,Medium
16547.5,16815.21808817047,16401.946964756746,93427185.0,Medium
16547.5,16583.50202509776,16455.383396369827,22206745.0,Medium
16547.5,16862.21955248205,16444.696982144596,26409810.0,Medium
16547.5,16691.83479657112,16326.77995243638,70277232.5,Medium
16547.5,16617.526425873806,16306.81438633454,106929945.0,Medium
16547.5,16853.920354275208,16225.892268257356,135308907.5,Medium
16547.5,16810.536360972405,16309.767885923218,23480902.5,Medium
16547.5,16696.20778857158,16398.301222830385,24721965.0,Medium
16547.5,16752.662123135244,16453.75426244891,95810025.0,Medium
16547.5,16635.16448449359,16362.860735213542,85567122.5,Medium
16547.5,16693.93670786068,16302.51827305115,65279887.5,Medium
16547.5,16690.10402738137,16494.29567705628,134862125.0,Medium
16547.5,16801.119699253828,16512.14833955854,118562837.5,Medium
16547.5,16699.782289080667,16460.476587390138,65825955.0,Medium
16547.5,16801.38092028638,16399.14009441219,52323195.0,Medium
16547.5,16812.450447436942,16321.191195233048,149274997.5,Medium
16547.5,16685.28734854004,16528.0777208013,125578977.5,Medium
16547.5,16702.404511537276,16361.629062608055,142788377.5,Medium
16547.5,16727.76191024657,16439.500775056193,101403080.0,Medium
16547.5,16565.151271613136,16425.622787948054,61672532.5,Medium
16547.5,16625.373279695577,16394.743921946367,13784067.5,Medium
16547.5,16830.38953692514,16386.319555680217,110024327.5,Medium
16547.5,16803.289033466535,16404.63169139026,141646600.0,Medium
16547.5,16588.30414978036,16503.475896112384,125562430.0,Medium
16547.5,16763.66091314515,16480.917319686763,76068857.5,Medium
16547.5,16570.566746871315,16375.839080768274,77988367.5,Medium
16547.5,16732.002469082992,16409.418081076205,20684375.0,Medium
16547.5,16614.817727604965,16217.587000723017,104977340.0,Medium
16547.5,16832.37505153743,16288.98220396064,75953025.0,Medium
16547.5,16757.34694281574,16347.702604183958,62053125.0,Medium
16547.5,16584.16368318709,16358.71178813096,155347930.0,Medium
16547.5,16765.659316920402,16515.23363531046,155728522.5,Medium
16547.5,16844.55684806302,16318.186414210491,103703182.5,Medium
16547.5,16794.72662712793,16353.179839391774,73619827.5,Medium
16547.5,16600.267393538095,16368.752200968922,39134837.5,Medium
16547.5,16773.15448496469,16289.980376399635,42378147.5,Medium
16547.5,16756.053949492885,16284.7783614316,152683782.5,Medium
16547.5,16762.54610443652,16462.824417136257,45025747.5,Medium
16547.5,16814.04846179632,16472.898324787377,74695415.0,Medium
16547.5,16659.757638434185,16323.55169171286,155480310.0,Medium
16547.5,16675.80769366889,16426.947414389742,151310340.0,Medium
16547.5,16627.498998158822,16387.96879730319,74281727.5,Medium
16547.5,16707.78480346027,16517.000157542596,119803900.0,Medium
16547.5,16692.90327752432,16397.979439530696,90001852.5,Medium
16547.5,16590.48932977312,16234.832829100556,62549550.0,Medium
16547.5,16640.32359463822,16314.747774199172,126406352.5,Medium
16547.5,16601.75303192975,16273.329363008335,131122390.0,Medium
16547.5,16738.386326383155,16333.657161014062,1654750.0,Medium
16547.5,16622.924564022556,16346.99295302939,16663332.5,Medium
16547.5,16666.41764541284,16225.713275128071,46829425.0,Medium
16547.5,16820.93111141634,16376.985232379116,90729942.5,Medium
16547.5,16743.838324477492,16282.479587076745,77177540.0,Medium
16547.5,16727.40578606216,16458.196315294932,107327085.0,Medium
16547.5,16860.957507711326,16498.895664375726,10160165.0,Medium
16547.5,16701.5518706405,16473.942840370946,80933822.5,Medium
16547.5,16841.86646609876,16423.331229895128,122815545.0,Medium
16547.5,16745.7262438438,16386.112658513262,65842502.5,Medium
16547.5,16691.48598876383,16251.326991953649,90316255.0,Medium
16547.5,16672.85342534957,16344.62955141003,7611850.0,Medium
16547.5,16848.071796367087,16328.914280311606,152518307.5,Medium
16547.5,16741.762053600403,16409.92355731302,60199805.0,Medium
16547.5,16643.186873932827,16320.42231724735,106119117.5,Medium
16547.5,16727.369808550553,16403.897436359315,112208597.5,Medium
16547.5,16642.576093351414,16339.774050044713,7181615.0,Medium
16547.5,16639.714402805166,16362.492494972706,42593265.0,Medium
16547.5,16604.649863895043,16434.145913411674,20221045.0,Medium
16547.5,16780.76805266223,16504.66767147304,16795712.5,Medium
16547.5,16809.609562877642,16492.405520696593,9961595.0,Medium
16547.5,16665.79191332327,16350.200727683075,15620840.0,Medium
16547.5,16692.73139025023,16507.96608425287,105076625.0,Medium
16547.5,16813.39009070967,16388.510696606034,156291137.5,Medium
16547.5,16569.173266670205,16248.28549358446,38721150.0,Medium
16547.5,16668.690384318317,16347.76931854588,139743637.5,Medium
16547.5,16660.755943352564,16223.88722392655,58793267.5,Medium
16547.5,16734.91007157104,16440.442049589048,47259660.0,Medium
16547.5,16845.396626129404,16326.618091730774,134316057.5,Medium
16547.5,16576.786063135733,16237.063223937566,70095210.0,Medium
16547.5,16829.016921049024,16421.098929454547,128838835.0,Medium
16547.5,16739.209874963544,16363.193441899492,56840662.5,Medium
16547.5,16748.811450889927,16264.597470728708,28296225.0,Medium
16547.5,16864.91988859583,16426.780046712425,149506662.5,Medium
16547.5,16604.380029371936,16528.1374855189,7231257.5,Medium
16547.5,16651.024928437662,16219.623121437373,87056397.5,Medium
16547.5,16636.376364097618,16403.26654661354,122517690.0,Medium
16547.5,16711.45195486073,16496.533287174203,41137085.0,Medium
16547.5,16746.347457562486,16299.543624183263,157747317.5,Medium
16547.5,16792.88943885585,16428.752981869005,84739747.5,Medium
16547.5,16580.723159108024,16477.98928265582,96968350.0,Medium
16547.5,16698.023655023837,16493.698785418575,69913187.5,Medium
16547.5,16854.641661488517,16311.633611546677,79328715.0,Medium
16547.5,16709.487824693522,16218.668376529007,57039232.5,Medium
16547.5,16821.11012696602,16407.733544123566,27518492.5,Medium
16547.5,16599.254231202678,16290.831172219854,114343225.0,Medium
16547.5,16655.12414051861,16325.257707790002,25301127.5,Medium
16547.5,16795.258120452312,16398.601149051865,59885402.5,Medium
16547.5,16759.4028255273,16515.567546739017,57552205.0,Medium
16547.5,16703.375804989875,16402.227013172887,1787130.0,Medium
16547.5,16774.35573396265,16521.751295800987,21743415.0,Medium
16547.5,16806.441861990934,16231.565346535554,115617382.5,Medium
16547.5,16846.2264819612,16402.2398239188,32648217.5,Medium
16547.5,16702.496248169453,16348.837937003294,53713185.0,Medium
16547.5,16766.08559577833,16235.183101869903,129401450.0,Medium
16547.5,16683.979565740814,16349.848921031164,44926462.5,Medium
16547.5,16855.514295134864,16476.771854257342,157664580.0,Medium
16547.5,16715.175654721104,16231.762811770346,47656800.0,Medium
16547.5,16693.116954581506,16471.863734899896,144145272.5,Medium
16547.5,16859.41961212129,16490.66303211208,56890305.0,Medium
16547.5,16564.664131935107,16416.996861841544,50337495.0,Medium
16547.5,16668.42004082567,16394.234310026466,133008805.0,Medium
16547.5,16827.58142657755,16223.664140648636,85699502.5,Medium
16547.5,16705.983989633638,16356.756250138813,56162215.0,Medium
16547.5,16673.58105051819,16277.59420027252,147256202.5,Medium
16547.5,16748.858450139473,16289.18209250756,39167932.5,Medium
16547.5,16691.278588553676,16404.491562249343,126968967.5,Medium
16547.5,16667.644260644043,16507.482593382127,142523617.5,Medium
16547.5,16647.670172039274,16493.308701995225,141464577.5,Medium
16547.5,16662.46977906912,16218.839708185804,122567332.5,Medium
16547.5,16854.606352477393,16260.583559415634,83895825.0,Medium
16547.5,16865.771068830032,16422.25781466141,156671730.0,Medium
16547.5,16595.120086662348,16269.124296937687,159468257.5,Medium
16547.5,16795.263463308765,16248.031944212167,34435347.5,Medium
16547.5,16770.84973339739,16240.634773718704,65428815.0,Medium
16547.5,16762.42562582473,16255.785548029802,110818607.5,Medium
16547.5,16574.37352999761,16472.40449786245,34799392.5,Medium
16547.5,16650.022094704993,16281.485105775422,65941787.5,Medium
16547.5,16798.624107614298,16513.460667372383,53696637.5,Medium
16547.5,16719.930406550637,16277.378380351798,74480297.5,Medium
16547.5,16571.558055451373,16349.57096302536,139942207.5,Medium
16547.5,16729.585306754558,16299.886704068924,19608787.5,Medium
16547.5,16830.59947406266,16358.123697147324,65461910.0,Medium
16547.5,16840.225023870746,16343.091034795663,59653737.5,Medium
16547.5,16846.577746791078,16519.31288746975,77012065.0,Medium
16547.5,16729.842120123558,16521.062724284784,101618197.5,Medium
16547.5,16710.86327762006,16275.616607810536,164680720.0,Medium
16547.5,16640.87006198861,16439.443650455207,12642290.0,Medium
16547.5,16836.3444539293,16277.162319070389,117255585.0,Medium
16547.5,16815.524595564122,16309.769044927729,59587547.5,Medium
16547.5,16835.557596223844,16353.331541844384,51197965.0,Medium
16547.5,16635.08516207617,16497.952519798626,33624520.0,Medium
16547.5,16594.828426629898,16510.188603050632,23199595.0,Medium
16547.5,16783.64037559894,16410.22775985631,6834117.5,Medium
16547.5,16851.144512940562,16240.050991028118,93791230.0,Medium
16547.5,16852.22152651533,16459.814748067616,60464565.0,Medium
16547.5,16730.25055612377,16398.19895325228,97051087.5,Medium
16547.5,16765.926986133505,16329.204252789888,108849455.0,Medium
16547.5,16599.286107235086,16374.78819368827,32764050.0,Medium
16547.5,16650.59866794626,16523.062269318532,6635547.5,Medium
16547.5,16733.117751712172,16312.352684685093,113631682.5,Medium
16547.5,16840.963439650273,16242.20283111408,150929747.5,Medium
16547.5,16716.262240892465,16342.407113415398,85103792.5,Medium
16547.5,16750.396453707326,16348.469301381332,56989590.0,Medium
16547.5,16581.5082941232,16268.33264458113,93212067.5,Medium
16547.5,16867.33712698233,16269.10602380182,79295620.0,Medium
16547.5,16718.867849902963,16472.235780778097,135739142.5,Medium
16547.5,16614.436923460667,16398.180592389144,45968955.0,Medium
16547.5,16670.620821135555,16273.372032359446,33343212.5,Medium
16547.5,16725.432610934764,16299.91886373448,110537300.0,Medium
16547.5,16607.59674505319,16265.474790961069,69764260.0,Medium
16547.5,16625.873753247582,16490.255200067833,57668037.5,Medium
16547.5,16852.00777658795,16392.782957350893,158309932.5,Medium
16547.5,16838.380215731548,16308.055836047632,51595105.0,Medium
16547.5,16602.499588489754,16301.38797620982,123295422.5,Medium
16547.5,16651.765138953328,16508.37685441554,144807172.5,Medium
16547.5,16763.87680599225,16307.11667206242,20916040.0,Medium
16547.5,16645.714696230858,16334.064706855024,28941577.5,Medium
16547.5,16564.702676692967,16421.25335576392,81430247.5,Medium
16547.5,16784.51111278263,16435.33999614829,4054137.5,Medium
16547.5,16624.75188628765,16521.831887932512,2664147.5,Medium
16547.5,16666.21433521037,16407.70992230301,83217377.5,Medium
16547.5,16653.31782516558,16434.43247067075,155463762.5,Medium
16547.5,16611.95275674357,16395.287390151305,34749750.0,Medium
16547.5,16606.707236213308,16308.121106326407,93195520.0,Medium
16547.5,16609.608665194846,16485.21262443422,113648230.0,Medium
16547.5,16868.22930458984,16380.05111151981,62582645.0,Medium
16547.5,16792.571234842166,16281.677444030527,53994492.5,Medium
16547.5,16859.609549148176,16452.781163089432,12940145.0,Medium
16547.5,16743.741082943656,16259.407969978074,140786130.0,Medium
16547.5,16668.1174814021,16237.627712122843,90365897.5,Medium
16547.5,16615.5865115037,16495.47544480512,159153855.0,Medium
16547.5,16716.01592768268,16494.57597530181,76896232.5,Medium
16547.5,16719.173225169958,16328.099379365043,117454155.0,Medium
16547.5,16808.48595726453,16368.346674587445,58048630.0,Medium
16547.5,16730.1901947199,16246.86545178096,19890095.0,Medium
16547.5,16625.308935995832,16278.816816107226,46912162.5,Medium
16547.5,16820.031092432175,16373.156223831053,125843737.5,Medium
16547.5,16610.552664606676,16509.35603228302,130030255.0,Medium
16547.5,16730.33938728094,16499.867374414956,121706862.5,Medium
16547.5,16577.3999219319,16389.94580496336,79891330.0,Medium
16547.5,16680.118911777157,16435.19442155944,147537510.0,Medium
16547.5,16775.286104746272,16234.430249518551,77690512.5,Medium
16547.5,16607.657801719964,16321.608908863263,99136072.5,Medium
16547.5,16729.07108172515,16445.897009571683,127184085.0,Medium
16547.5,16733.459881783056,16418.72381673824,58379580.0,Medium
16547.5,16849.951020746554,16505.554210902625,77491942.5,Medium
16547.5,16710.756941664687,16452.44995459027,60001235.0,Medium
16547.5,16588.681213885193,16430.729974782455,144757530.0,Medium
16547.5,16609.93055004952,16329.122335603945,158756715.0,Medium
16547.5,16650.699545478445,16476.701174429385,69516047.5,Medium
16547.5,16815.24064050555,16318.044251941174,82985712.5,Medium
16547.5,16644.254196272406,16493.963248422842,54739130.0,Medium
16547.5,16755.65359290924,16249.83701548211,92682547.5,Medium
16547.5,16588.690899196514,16333.99928022387,63244545.0,Medium
16547.5,16627.602525281527,16349.393664562407,2035342.5,Medium
16547.5,16758.70755229279,16472.07381255718,164035367.5,Medium
16547.5,16594.902569550915,16298.020915245232,145601452.5,Medium
16547.5,16789.015879207644,16456.73711017403,108468862.5,Medium
16547.5,16705.245726439065,16280.045716215838,82869880.0,Medium
16547.5,16651.946657973836,16286.047230410932,145353240.0,Medium
16547.5,16838.80392406264,16235.604126826158,6023290.0,Medium
16547.5,16775.690104286496,16284.871791273206,2995097.5,Medium
16547.5,16584.227230273093,16416.21282136606,7727682.5,Medium
16547.5,16774.7593128474,16370.402157107785,50817372.5,Medium
16547.5,16626.418427932316,16333.863306275973,117404512.5,Medium
16547.5,16853.379202757307,16446.84415155857,38472937.5,Medium
16547.5,16612.38122181786,16279.41427108826,96670495.0,Medium
16547.5,16757.936238225917,16427.483252741884,58809815.0,Medium
16547.5,16640.26071092322,16490.037391702364,8985292.5,Medium
16547.5,16860.266997371204,16512.238814142605,150102372.5,Medium
16547.5,16666.060797441703,16323.44390059602,126091950.0,Medium
16547.5,16749.43070952508,16447.726583752363,111811457.5,Medium
16547.5,16604.76557167782,16263.214971478426,60133615.0,Medium
16547.5,16714.763272760618,16288.097995731334,147818817.5,Medium
16547.5,16755.467151418692,16494.73083203505,138883167.5,Medium
16547.5,16806.356308594244,16356.37069371346,54159967.5,Medium
16547.5,16739.19091272821,16226.807728657286,45753837.5,Medium
16547.5,16785.26073809087,16270.24022405635,38506032.5,Medium
16547.5,16834.144872790795,16256.718200408086,92632905.0,Medium
16547.5,16657.91448698772,16448.341136772375,95528717.5,Medium
16547.5,16670.996834445094,16302.860274462077,45869670.0,Medium
16547.5,16573.34559273823,16424.092858293243,61788365.0,Medium
16547.5,16738.30879961942,16270.607528695104,67728917.5,Medium
16547.5,16869.499252699472,16498.678386514184,3723187.5,Medium
16547.5,16795.480028916943,16315.55091470875,62549550.0,Medium
16547.5,16876.11886910815,16328.192969651524,46051692.5,Medium
16547.5,16706.896928686932,16448.793422383704,157697675.0,Medium
16547.5,16799.055061758896,16332.19935169467,138535670.0,Medium
16547.5,16614.73178381991,16244.56924991952,27270280.0,Medium
16547.5,16696.727387452163,16337.54282517413,65627385.0,Medium
16547.5,16766.40131061705,16473.08891743746,128474790.0,Medium
16547.5,16705.626736828868,16434.69427178109,114078465.0,Medium
16547.5,16573.392228993394,16420.421649513224,106284592.5,Medium
16547.5,16663.663608535513,16433.12007892767,132810235.0,Medium
16547.5,16776.604892979816,16315.773076744576,22819002.5,Medium
16547.5,16688.29739373439,16232.269250844343,47458230.0,Medium
16547.5,16705.027135590302,16372.521884872778,39515430.0,Medium
16547.5,16833.23237345585,16282.493707155108,162744662.5,Medium
16547.5,16648.744650537385,16234.035472210771,131585720.0,Medium
16547.5,16757.697939436726,16413.22623964389,59653737.5,Medium
16547.5,16829.95987749638,16516.402361730037,106135665.0,Medium
16547.5,16817.817674990263,16294.112592256826,118463552.5,Medium
16547.5,16639.10281753964,16299.869703224307,163158350.0,Medium
16547.5,16580.110251619186,16435.609445835347,86593067.5,Medium
16547.5,16651.082849350336,16446.337391699388,108518505.0,Medium
16547.5,16619.509171613645,16309.824369039865,111910742.5,Medium
16547.5,16572.75982891909,16481.778335422,28163845.0,Medium
16547.5,16659.739561616032,16265.77026937007,13750972.5,Medium
16547.5,16727.791903041027,16260.368581805638,12625742.5,Medium
16547.5,16768.509412672367,16352.891138093544,120118302.5,Medium
16547.5,16682.858705983228,16462.15966573578,142358142.5,Medium
16547.5,42471.50226404792,16232.583566680294,227302191.82,High
42265.19,42764.62991556165,42033.98461821628,59509387.52,High
42265.19,42911.63438248183,41974.78504406317,17920440.560000002,High
42265.19,42865.52822737126,41868.11661518678,32797787.44,High
42265.19,42995.64687741816,41804.75855601893,195222912.61,High
42265.19,42519.35059867785,41857.12681280568,41927068.48,High
42265.19,42711.39150648235,42222.75862237862,44209388.74,High
42265.19,42699.68928377503,41530.54776346024,396067095.49,High
42265.19,42565.69842035495,42203.86178046039,313649974.99,High
42265.19,42858.67774497181,41515.00563357927,266693348.9,High
42265.19,42415.250439248906,41562.17039173571,294715169.87,High
42265.19,42954.021030377706,41470.71926043239,59129000.81,High
42265.19,42336.861800719445,41970.8000373745,180768217.63,High
42265.19,42619.17859635711,42078.613150748766,188840868.92,High
42265.19,42795.15687612747,42179.3306334258,175696394.83,High
42265.19,42648.23593661076,41670.64087062357,340403840.26,High
42265.19,42834.00129925405,42097.20200748099,125527614.3,High
42265.19,42338.613581867,42088.14964779285,141968773.21,High
42265.19,43003.818558701685,42037.910398297405,61580381.830000006,High
42265.19,42369.81686126105,41999.18294821627,317961024.37,High
42265.19,42538.52659654479,42051.39850591287,358493341.58000004,High
42265.19,42543.041756406215,41735.14531772577,279246110.33000004,High
42265.19,42316.94199677322,41812.47897329013,17413258.28,High
42265.19,42382.95999631672,41700.39835401987,317791963.61,High
42265.19,42991.55087633157,41707.33530349552,30811323.51,High
42265.19,42930.46446696482,41536.2017202203,100971538.91,High
42265.19,42900.09244793768,42193.43188830972,243827881.11,High
42265.19,42860.98665482328,41775.06081371878,112214079.45,High
42265.19,42367.30572503693,41912.9988121317,319651631.97,High
42265.19,42547.28864089027,41589.11481037471,109804963.62,High
42265.19,42312.73378574769,42039.38652269974,25485909.57,High
42265.19,42356.05590640519,41733.91306804456,367073175.15,High
42265.19,42337.88039225956,42006.430881507455,72358005.28,High
42265.19,42467.20687631656,42034.47478792668,267792243.84,High
42265.19,42352.653051456095,41959.65905320808,135628994.71,High
42265.19,42321.01352077941,42171.87103478243,313396383.85,High
42265.19,42504.13117565133,41623.54785104674,165045566.95000002,High
42265.19,42948.96573437312,41515.19880406067,301308539.51,High
42265.19,42352.67510092515,42209.28511127298,390361294.84,High
42265.19,43098.08623860317,41698.98835984014,399532841.07,High
42265.19,42835.51991812451,41770.89384407806,196913520.21,High
42265.19,43003.54582507324,41495.85855086671,88587838.24000001,High
42265.19,42838.02356859846,41672.55408617332,326160471.23,High
42265.19,42931.31479820529,41886.78491343497,309338925.61,High
42265.19,42548.99222340489,41758.611062496784,405407702.48,High
42265.19,42514.096858461984,42120.76666733989,394418753.08,High
42265.19,42841.0141005326,42092.71200283504,224935341.18,High
42265.19,42759.68987916655,42043.17509975183,128908829.5,High
42265.19,42713.52230958434,41834.98481228008,88756899.0,High
42265.19,42449.79799600194,42008.65474703272,224724015.23,High
42265.19,42492.67485947309,42142.18378393771,327132570.6,High
42265.19,42748.90568001645,41806.54250815364,185206062.58,High
42265.19,42636.63520405749,41662.54056065789,278527602.1,High
42265.19,43080.38972491677,42145.48050334736,283895281.23,High
42265.19,42751.392886090245,41637.54755110098,412423724.02,High
42265.19,42654.136324619925,42203.91835749941,211875397.47,High
42265.19,43070.82277176881,41661.64850329698,357140855.5,High
42265.19,42381.02464941824,41457.56055170451,96660489.53,High
42265.19,42525.70662266376,41856.12338513841,86939495.83,High
42265.19,42585.62329614236,42170.01198779289,385374002.42,High
42265.19,42992.85074588438,41995.92020252851,118553857.95,High
42265.19,42922.91360428482,42104.46552241294,144673745.37,High
42265.19,42552.15243739517,41820.65340030003,176245842.3,High
42265.19,43008.157255767495,42077.73266102326,381316544.18,High
42265.19,42357.69060741187,41422.79183605661,42053864.05,High
42265.19,42703.728195652526,41885.99726990183,174639765.08,High
42265.19,42833.1919102107,41911.87488167117,36601654.54,High
42265.19,42558.159278265775,42171.39857107058,131867392.8,High
42265.19,42363.0022318251,41742.23375323584,287403292.0,High
42265.19,42513.96484738328,42123.10444256463,199872083.51,High
42265.19,42695.94260170571,42012.73630755822,84192258.48,High
42265.19,42562.90687922365,41982.70444369685,32290605.16,High
42265.19,42641.255739832384,42144.13388031969,366523727.68,High
42265.19,42382.23785356653,41556.3916506675,404435603.11,High
42265.19,42318.917396525336,42134.16574700363,191038658.8,High
42265.19,43012.21203063643,41835.05312113127,151816562.48000002,High
42265.19,42370.181937815134,41990.79639781553,393066267.0,High
42265.19,42542.60463046118,42032.97039070836,212255784.18,High
42265.19,42840.70926391334,42043.60961866334,340741961.78000003,High
42265.19,42985.62485386108,41684.99785262744,216609098.75,High
42265.19,42565.441571510346,41585.47476492618,192898327.16,High
42265.19,42831.0913732855,41894.55159510191,110185350.33,High
42265.19,42686.59484745885,41967.13428400651,302449699.64000005,High
42265.19,42348.42062516999,41635.87498885415,267073735.61,High
42265.19,42635.38644843428,42006.77553984855,40616847.59,High
42265.19,42331.424328563226,41523.911228141005,85840600.89,High
42265.19,43081.73722628535,41986.929801980266,357225385.88,High
42265.19,42919.51820931216,42181.76702261911,277090585.64,High
42265.19,42579.92003072661,41845.221521518266,6762430.4,High
42265.19,42495.96081862925,41982.08922878419,161114904.28,High
42265.19,42628.93336312308,41848.7459480617,241080643.76,High
42265.19,42561.34745629126,41988.41629753106,211790867.09,High
42265.19,42605.21741665567,41430.31395396218,192137553.74,High
42265.19,43045.21834841876,41440.33472516367,366439197.3,High
42265.19,42632.30449902136,41727.020196819685,283345833.76,High
42265.19,42902.82760687372,41494.92203353844,148773468.8,High
42265.19,42433.38210032767,41971.62514695346,246575118.46,High
42265.19,42736.02169985451,41590.21639617595,55367398.900000006,High
42265.19,42703.94262573525,41608.5580883543,247082300.74,High
42265.19,42782.23727066906,41937.59353686708,83980932.53,High
42265.19,42853.43109481702,41643.55515441638,323540029.45,High
42265.19,42998.88704573777,42147.74640139064,411155768.32000005,High
42265.19,42492.12776816493,42036.15313759206,353632844.73,High
42265.19,42613.8418118906,42054.3655900899,279880088.18,High
42265.19,42353.37517658032,41720.40626455021,180218770.16,High
42265.19,42808.69685738908,42060.90199526263,359803562.47,High
42265.19,43058.10349229228,41995.21743013806,129331481.4,High
42265.19,42625.61676547786,42004.20970375492,405661293.62,High
42265.19,43087.80882762835,41465.37874677513,271384784.99,High
42265.19,42787.57209543171,41461.6444214109,222695286.11,High
42265.19,42477.09445379774,41555.0804835929,131994188.37,High
42265.19,42732.68744239335,41860.335241117165,370158534.02,High
42265.19,42821.4364752131,41829.3829168168,227302191.82,High
42265.19,42842.49799918949,41922.12477888236,395898034.73,High
42265.19,42819.827396903805,41852.86089883996,284191137.56,High
42265.19,42459.72252837414,42109.291755466766,417791403.15,High
42265.19,42474.73663386203,42005.31382385918,323032847.17,High
42265.19,42501.3593427142,42074.281314216176,371975937.19,High
42265.19,42896.07760506383,41515.52315543455,7269612.680000001,High
42265.19,42708.45615297269,41668.849719392594,243912411.49,High
42265.19,42846.49933342645,42115.85185138743,293700805.31,High
42265.19,42949.37487198912,41877.28935243892,39771543.79,High
42265.19,42760.4247936064,41961.42121477352,195814625.27,High
42265.19,42685.79963661244,42210.92508927205,381147483.42,High
42265.19,42630.69035399489,41629.135967227776,290446385.68,High
42265.19,42738.09497979776,41869.419331134,251562410.88000005,High
42265.19,42427.57248497647,41932.49807983205,349110469.40000004,High
42265.19,42939.00129336491,42076.65044249954,330302459.85,High
42265.19,43040.43609895444,41830.809676008335,222061308.26,High
42265.19,42959.81567936259,42004.78819369154,110734797.8,High
42265.19,42967.46906341704,41815.160799892525,170413246.08,High
42265.19,42973.49654754199,42021.84928234118,53592260.92,High
42265.19,42448.50821172939,41987.91936356327,109424576.91,High
42265.19,43107.13126010456,41881.502474570654,314030361.7,High
42265.19,42835.2007536846,41732.33931920241,245433958.33,High
42265.19,42645.47587445011,41546.314252247226,354858535.24,High
42265.19,43020.57262997136,41999.154371640216,330851907.32,High
42265.19,42775.105746793,41960.03064651514,417749137.96,High
42265.19,43105.37403462832,41705.22595852994,185755510.05,High
42265.19,42911.39940420886,41424.02557001254,17370993.09,High
42265.19,42602.58047912405,42037.61078754868,376625108.09,High
42265.19,42903.76132724543,42045.635098906445,314199422.46000004,High
42265.19,42893.76168724276,41564.18788525976,274427878.67,High
42265.19,42558.798869128696,41582.04409377826,208071530.37,High
42265.19,43017.48204641409,41958.71562290821,46322648.24,High
42265.19,42420.49485277636,42211.07993340762,377554942.27,High
42265.19,42600.78392559797,41878.00523362485,311917102.2,High
42265.19,42818.407931941845,41786.48644886552,47041156.470000006,High
42265.19,42692.22240228564,41612.49145261804,90151650.27,High
42265.19,42852.0405593607,41692.15880380806,225273462.7,High
42265.19,43108.36870372723,41683.18127716078,152027888.43,High
42265.19,42370.08950101023,41577.7791455303,241418765.28,High
42265.19,42916.93648743035,41600.67277149196,230894732.97,High
42265.19,42963.87863112668,41842.883644010966,67835629.95,High
42265.19,42534.07384317234,42138.75626397518,399236984.74,High
42265.19,42512.35535165732,41568.98190534931,280978983.12,High
42265.19,42661.88240192607,41739.67705348049,368806047.94,High
42265.19,42623.73737315683,42196.41371338468,237234511.47,High
42265.19,42715.25350814661,41589.7360453456,267707713.46,High
42265.19,42477.36547310445,41907.05806348913,138798883.96,High
42265.19,42703.99603708949,41970.680026332826,71766292.62,High
42265.19,42960.126765885085,41809.32109605165,355577043.47,High
42265.19,43016.44464211884,41683.63593473285,141123469.41,High
42265.19,42842.89103045321,41480.237460305536,205197497.45,High
42265.19,42538.83507726751,42202.03153366762,9087015.85,High
42265.19,43008.70473602245,41978.26181347297,57100271.690000005,High
42265.19,42645.7174661384,42190.44599296292,261706056.48,High
42265.19,42493.60531385832,41545.85779045927,415424552.5100001,High
42265.19,42415.5420259355,41657.95678567643,227048600.68,High
42265.19,43079.71241296268,42005.64647798298,104310488.92,High
42265.19,42378.10584791034,41605.07962298671,134487834.58,High
42265.19,42732.87329739414,41714.29636410229,293785335.69,High
42265.19,42469.81134512489,41692.81450296528,59382591.95,High
42265.19,43004.717871862056,41620.30077616001,313734505.37,High
42265.19,42463.66763556373,42093.65383315492,98477892.7,High
42265.19,42898.876872268695,41740.732395528845,58790879.29000001,High
42265.19,42440.0496877621,41807.23754995898,56297233.080000006,High
42265.19,43060.795546217305,41949.50741243296,18681213.98,High
42265.19,42840.13077553071,41636.20567350568,372440854.28,High
42265.19,42640.81327238566,41874.21323594096,176076781.54000002,High
42265.19,43080.36580676751,41845.44199054217,221469595.6,High
42265.19,42728.28826543484,42054.90145965771,385627593.56,High
42265.19,42615.88122372404,41629.51620241457,24387014.630000003,High
42265.19,42437.92929241561,42214.41224493398,196068216.41,High
42265.19,42886.51775230474,41823.627796420406,165130097.33,High
42265.19,42786.333568278,41791.17522714429,286684783.77000004,High
42265.19,42486.44675201616,42008.04410271485,11242540.54,High
42265.19,42508.18419424952,42087.59404535664,261663791.29,High
42265.19,42484.43054794439,41943.498494124186,406506597.42,High
42265.19,42705.63535203479,42137.90869077162,276414342.6,High
42265.19,42345.43033414886,41643.78703419709,324850250.34000003,High
42265.19,42539.73208794519,41756.25246293392,306887544.59000003,High
42265.19,42898.992658080366,42189.38271636105,74893916.68,High
42265.19,42806.32678806271,41456.96265145252,395898034.73,High
42265.19,42964.81950003434,41603.169990456096,340868757.35,High
42265.19,42905.578386488894,41440.45219163832,8410772.81,High
42265.19,42324.54171341834,41706.755524092565,56593089.41,High
42265.19,42764.8411957564,41466.37111725568,354351352.96000004,High
42265.19,42659.5207488929,41577.96120452316,16567954.48,High
42265.19,42597.593074943936,41975.05536766021,54902481.81,High
42265.19,43104.37591978149,41617.314932875335,237826224.13000005,High
42265.19,42835.02214207221,42125.27008166988,113989217.43,High
42265.19,42509.07415254589,41816.3067267125,5283148.75,High
42265.19,42735.367209098375,41493.14571245363,409761017.05,High
42265.19,42383.93010918909,41801.634386943,267792243.84,High
42265.19,42905.9384086629,41462.67857814317,383979251.15,High
42265.19,42586.63295974879,41916.34793869017,212678436.08,High
42265.19,42443.07505897662,41802.0092513768,315932295.25,High
42265.19,42437.885895865176,41765.59796369774,172019323.3,High
42265.19,42319.68455687879,41451.6080852973,212805231.65,High
42265.19,42932.12306732203,41654.62923147368,17075136.76,High
42265.19,42892.62932528483,41745.26530058468,23245854.5,High
42265.19,42696.94970852689,42170.15787813308,403167647.41,High
42265.19,42553.156702290085,42043.801560830594,390995272.69,High
42265.19,42621.93446726827,42123.85884427306,36939776.06,High
42265.19,43017.4123836849,41812.44493258004,127767669.37,High
42265.19,42404.86359047918,41427.26011983338,218975949.39,High
42265.19,42331.196817815966,41550.3362853463,93279274.33,High
42265.19,42480.6902522379,41830.37134243115,410606320.85,High
42265.19,42725.585857223305,41809.84706777805,143363524.48000002,High
42265.19,42313.62486994801,42189.75207753317,78317397.07000001,High
42265.19,42391.18379717856,41552.155362379664,12341435.48,High
42265.19,42867.866911967314,41916.299766001335,55409664.09,High
42265.19,42667.2669639758,42200.71941828964,323878150.97,High
42265.19,43069.24890184172,41480.67934620755,362170413.11,High
42265.19,43038.83590848207,41869.686782550685,296617103.42,High
42265.19,42529.46155484943,41681.21776092668,179331201.17000002,High
42265.19,42610.77566544944,41789.24595465644,227090865.87,High
42265.19,43044.78254087468,41588.8020929501,42899167.85,High
42265.19,42772.62140369388,41450.09711748548,146998330.82000002,High
42265.19,42604.356156898335,41724.2654765076,29923754.520000003,High
42265.19,42950.21267810292,42129.03424008928,64496679.940000005,High
42265.19,43049.86768350822,41750.55980045447,75781485.67,High
42265.19,42848.29612452421,42197.462265687645,388078974.58,High
42265.19,42492.87967812352,41946.004052255725,396447482.2000001,High
42265.19,42965.35301587264,42163.50959392819,179204405.60000002,High
42265.19,42645.15393413055,41993.48832528182,406929249.32,High
42265.19,42868.01354524817,41501.21085006643,76457728.71000001,High
42265.19,42698.01592206909,42052.80351492465,71554966.67,High
42265.19,43063.006035041166,41594.53907148103,357098590.31,High
42265.19,42362.36314810458,41904.60719041743,151393910.58,High
42265.19,42432.56595894999,41926.4376135405,118173471.24,High
42265.19,42463.70101651895,41544.84390305166,370412125.16,High
42265.19,42484.92712967714,41891.53923325349,299702462.29,High
42265.19,42496.5126574038,41434.01412359565,396870134.1,High
42265.19,42430.19980604556,42063.24145441169,80726512.9,High
42265.19,42863.89473808382,41516.66026577154,377005494.8,High
42265.19,42482.6426788525,42005.23135900971,126330652.91,High
42265.19,42496.53342611975,41776.98565873743,310184229.41,High
42265.19,42465.96558572517,42126.69871037213,190911863.23,High
42265.19,42627.61642072552,42185.28412641101,246955505.17,High
42265.19,43077.24246297775,41923.57822309824,252576775.44000003,High
42265.19,42601.99386768454,42078.95321985956,271976497.65000004,High
42265.19,42546.45889753988,41830.87874428167,311071798.40000004,High
42265.19,42362.54331012612,42027.79282387791,87066291.4,High
42265.19,42590.54840899431,42191.7077180377,72315740.09,High
42265.19,42493.91758026639,41646.10757711598,372905771.37,High
42265.19,42920.11529905592,41954.87028867735,274301083.1,High
42265.19,42397.09702475324,42084.55965891087,174090317.61,High
42265.19,42422.83661421426,41461.66546787928,342136713.05,High
42265.19,42531.10971488784,41830.59293674814,105705240.19,High
42265.19,42538.75185467213,41770.847401751445,145730375.12,High
42265.19,42987.07073000059,41450.22214927227,24598340.58,High
42265.19,42942.88651759172,42128.04226450388,28444472.87,High
42265.19,42772.1219445856,42076.55548348883,110100819.95,High
42265.19,42539.20304153351,41652.60294843383,40574582.400000006,High
42265.19,42563.52681952165,41772.590208201065,261875117.24,High
42265.19,42783.02933035866,41889.44546624368,167074296.07000002,High
42265.19,42901.596602935984,42132.859988070326,60566017.27,High
42265.19,42615.900758278,41753.98231542517,11580662.06,High
42265.19,42716.65317319136,41868.4271287834,294461578.73,High
42265.19,43020.58008559515,41684.032715109584,404012951.21,High
42265.19,42829.262336361855,41981.6745801045,130049989.63,High
42265.19,42737.52262362025,41899.693693342895,75232038.2,High
42265.19,42364.64957619616,41975.57573248747,362973451.72,High
42265.19,42448.802201005,42061.56866268943,242348599.46,High
42265.19,42468.859192089,41814.97000717121,158283136.55,High
42265.19,42807.867328594766,41557.09437458982,367326766.29,High
42265.19,42394.273903852096,42195.27434443159,213185618.36,High
42265.19,42330.73919008718,41833.14669042832,339135884.56,High
42265.19,42596.83060092948,41618.95831250359,141715182.07000002,High
42265.19,42884.72686549546,41713.754719264,215679264.57,High
42265.19,42864.161187862126,41425.48689645063,196913520.21,High
42265.19,42944.00008761845,42176.95987696872,223202468.39,High
42265.19,42866.56942192943,42093.03953868994,166271257.46,High
42265.19,42799.94718857316,41966.2096227393,77556623.65,High
42265.19,42697.86212441495,42217.92412395382,395517648.02,High
42265.19,42474.887391472,41805.77338393834,335205221.89000005,High
42265.19,42764.0212304933,41708.47042612958,413691679.72,High
42265.19,42818.68944289283,41886.66332384926,343742790.27000004,High
42265.19,42406.82586044692,41887.78444414838,40320991.260000005,High
42265.19,42761.29032323706,41518.43605100829,100506621.82,High
42265.19,42385.951180772245,41731.54394647585,215383408.24,High
42265.19,42746.77898488745,42011.3222782232,343827320.65000004,High
42265.19,42435.07319534636,41966.23679997441,333810470.62,High
42265.19,42403.02766352135,42061.65487686129,265425393.2,High
42265.19,42398.27890177228,42010.4062592102,70033419.83,High
42265.19,43039.04369089055,41684.75867979022,300251909.76,High
42265.19,42787.74239806564,41710.77575488345,266439757.76,High
42265.19,42508.342302556586,42012.8124239586,226245562.07,High
42265.19,42364.83139766884,41789.49928300248,370116268.83,High
42265.19,42738.02957102979,41531.80446752267,56085907.13,High
42265.19,42423.73756645678,42007.40576486658,383133947.35,High
42265.19,42932.54280046411,42202.93219931935,235628434.25,High
42265.19,42705.8503990451,42001.2168736504,74090878.07000001,High
42265.19,42890.82169273189,41467.48787679288,211030093.67,High
42265.19,42625.23892785655,42206.452520126455,372144997.9500001,High
42265.19,42871.447470611325,42125.31333213958,32332870.35,High
42265.19,42857.22695110374,42083.41753060027,179669322.69,High
42265.19,42758.29408136458,41655.731743091645,267116000.8,High
42265.19,42986.61677023626,41437.00177272812,352660745.36,High
42265.19,42775.20395890738,41750.48985528031,156634794.14000002,High
42265.19,42771.700170699165,42151.85753989745,18216296.89,High
42265.19,42554.77751642368,41855.135812256434,127345017.47,High
42265.19,43055.490687149344,41594.08898867126,264791415.35,High
42265.19,42722.73823271656,42079.10961548137,412423724.02,High
42265.19,42622.01718413452,41985.3535735243,151689766.91,High
42265.19,42742.41486293366,41686.83671103337,390657151.17,High
42265.19,42424.090235202966,41967.69128763185,300082849.0,High
42265.19,42520.36099189373,41637.62377052616,151732032.1,High
42265.19,42553.73256630906,41584.39073191997,172272914.44,High
42265.19,42721.147571932685,41555.77480811862,8283977.24,High
42265.19,42865.97724322094,41780.23591802716,59805243.85,High
42265.19,42538.08985597562,41918.73786280525,54183973.580000006,High
42265.19,42416.48052638297,41726.27507942298,355830634.61,High
42265.19,42756.52898218256,42073.3420433095,365636158.69,High
42265.19,42993.77200262713,42058.65106558726,219948048.76,High
42265.19,42643.31170329442,41565.473585612606,175020151.79000002,High
42265.19,42689.51920547651,41566.61918757944,106212422.47,High
42265.19,42539.70079160101,41896.19841311574,410817646.8,High
42265.19,42956.98022010829,41847.57963332425,380893892.28,High
42265.19,42404.35380001709,41877.81646723946,188798603.73,High
42265.19,42444.84603604216,41859.64316139616,257352741.91000003,High
42265.19,43110.45895836927,42039.99962028029,137784519.4,High
42265.19,42855.30077971172,42047.63072278494,358028424.49,High
42265.19,42747.56243278452,41554.17099518296,24387014.630000003,High
42265.19,42945.95756907989,41687.23214680203,68258281.85000001,High
42265.19,43107.99029073275,41439.33679245722,23837567.16,High
42265.19,42460.73460717915,42094.25805499171,404985050.58,High
42265.19,42942.97435580773,41481.36247402026,140320430.8,High
42265.19,42582.22455319551,41608.136551035626,251351084.93,High
42265.19,42894.66326893715,41799.261919644094,244166002.63000005,High
42265.19,42875.73327395492,41698.33841897609,95730655.35,High
42265.19,43109.15275988978,41550.27820698485,372018202.38,High
42265.19,42397.292767004605,41799.2194490941,384740024.57,High
42265.19,42309.16196409916,41703.05175430959,184910206.25,High
42265.19,42907.95498704091,41438.540723372666,299491136.34000003,High
42265.19,42764.20501587076,41644.49909133983,8706629.14,High
42265.19,42862.253789403294,42159.906920140886,31360770.98,High
42265.19,42912.56488656719,41647.30314006607,164157997.96,High
42265.19,42703.76000536396,41440.86483813401,140404961.18,High
42265.19,42593.7661794056,41909.15399022222,230176224.74,High
42265.19,42926.09677091388,42188.05031997595,13862982.32,High
42265.19,42612.71419953539,41638.85427695789,222441694.97,High
42265.19,42807.09960524433,41974.66863286827,250505781.13000005,High
42265.19,43024.89472369875,41485.79513938169,87235352.16000001,High
42265.19,42434.64965759216,42076.33911378005,420369579.74,High
42265.19,42314.60718026008,41920.44533656583,281528430.59000003,High
42265.19,42513.64066216532,42203.91124950184,276710198.93,High
42265.19,42947.85595097936,41870.629788177874,122019603.53,High
42265.19,42762.63806605765,42070.34448380054,352533949.79,High
42265.19,43067.25889468989,41743.43662683968,16441158.91,High
42265.19,42747.41924560793,41623.70821993779,365509363.12,High
42265.19,42520.887902037866,41998.20257926758,85756070.51,High
42265.19,42922.49066050518,42115.53349014024,309169864.85,High
42265.19,94689.88292379888,42126.76610101596,346061756.8,High
93429.2,94979.46920571594,92883.57371979314,93616058.4,High
93429.2,94708.42990110388,91865.19455058048,650173802.8,High
93429.2,94324.90865511268,92567.00582018532,654658404.4,High
93429.2,94014.4938300385,92993.22939200843,48489754.8,High
93429.2,93621.32863191738,92832.2708430917,419310249.6,High
93429.2,94069.26371703068,92714.60058899292,384087441.2,High
93429.2,93604.74515849308,92973.7160523167,27094468.0,High
93429.2,94285.9938187754,92378.02457935296,208440545.2,High
93429.2,93923.45899743195,92324.8611678592,567956106.8,High
93429.2,94771.71262936803,91951.89414100425,152383025.2,High
93429.2,93913.4801682737,92101.12485278813,846655410.4,High
93429.2,93667.1833137784,92899.43027433511,884681094.8,High
93429.2,95011.62421497864,93056.17275538656,362225008.4,High
93429.2,93629.1968201091,91731.24439019996,864500387.6,High
93429.2,94855.69671371485,91870.1409727438,570665553.6,High
93429.2,95172.50302865788,93322.56395247762,728093755.6,High
93429.2,93712.799969247,93294.18412183036,64279289.6,High
93429.2,94516.12641211318,92468.0266389104,68483603.6,High
93429.2,94324.51403799446,91847.58757915803,692030084.4,High
93429.2,94940.4631945384,91693.1503177942,268235233.2,High
93429.2,94629.40272554076,92991.46069041923,372689078.8,High
93429.2,94016.60762664178,91899.0562887907,120990814.0,High
93429.2,93525.23691330486,92597.29237409512,548989979.1999999,High
93429.2,94379.7941666181,92178.42037468162,789757027.6,High
93429.2,95109.8108743034,92775.63454006748,365962176.4,High
93429.2,95129.7889775415,93112.15120049164,336999124.4,High
93429.2,93745.05074089293,92079.76832981595,506199405.6,High
93429.2,95050.46404985622,92788.90008856713,59981546.4,High
93429.2,93583.75006225238,93283.00750812916,82871700.39999999,High
93429.2,93686.5634593967,91619.56349844192,513300024.8,High
93429.2,95237.82071292876,92574.59302624824,915793018.4,High
93429.2,94209.55625031964,93159.48423225529,746779595.6,High
93429.2,93648.28157390578,91893.58783306628,736595812.8,High
93429.2,94357.76028046636,91829.366768781,72314200.8,High
93429.2,93604.52955203984,92800.8277526986,848056848.4,High
93429.2,93551.68875904634,92123.7573810191,210402558.4,High
93429.2,94519.82281618418,93122.33206576551,430615182.8,High
93429.2,93897.55293485912,92648.64232577034,24011304.4,High
93429.2,94626.62031894308,92942.54388002896,281689038.0,High
93429.2,94116.77220476858,92899.82228194826,116973358.4,High
93429.2,93757.79644081484,91623.12674367995,592901703.1999999,High
93429.2,95270.09488376295,93274.21603347172,435193213.6,High
93429.2,93966.31390341182,92358.13541486763,797885368.0,High
93429.2,93632.64822834393,92206.05613698256,437155226.8,High
93429.2,94017.6073647644,92743.13791368424,17377831.2,High
93429.2,93969.43576239151,92904.38372753952,657834997.1999999,High
93429.2,94054.5477752341,91922.04298348638,85768005.6,High
93429.2,94154.00601875232,93032.19392255704,222268066.8,High
93429.2,94951.92203545372,92180.96206699414,842357667.1999999,High
93429.2,93628.75582843804,91560.9813429598,226752668.4,High
93429.2,94151.97957102404,91848.54276597912,48489754.8,High
93429.2,93706.79359857332,92583.6064610123,506759980.8,High
93429.2,95266.18029085064,92125.64567394309,258331738.0,High
93429.2,93778.20131168178,92291.14699084476,311025806.8,High
93429.2,94372.99038164508,92178.1752865608,647744643.6,High
93429.2,94374.7806035953,92782.92477502437,805172845.6,High
93429.2,94909.3414465957,92439.34096361235,200592492.4,High
93429.2,94005.730249723,93200.06259307232,529276418.0,High
93429.2,94832.29200448522,92923.9581960515,133136610.0,High
93429.2,93569.38421968395,92626.17160041186,394831799.2,High
93429.2,95168.46474971174,93057.5581164244,140237229.2,High
93429.2,93698.2907993176,93052.65529799332,450235314.8,High
93429.2,94376.17600267922,93019.3055361338,300188019.6,High
93429.2,93830.49378795909,92356.73799654072,294862555.2,High
93429.2,94176.98103389078,92532.65571685776,912522996.4,High
93429.2,94662.31500204184,92231.51560097792,743042427.6,High
93429.2,93775.53936527588,91594.36607019408,559921195.6,High
93429.2,94035.84157687542,92258.2856063806,870386427.1999999,High
93429.2,94728.28297797382,92935.8894336081,825633840.4,High
93429.2,95021.82650748087,92864.6322508434,806293996.0,High
93429.2,94575.11450883542,92985.29703161922,248428242.8,High
93429.2,94451.00793889644,91956.7750870025,878888484.4,High
93429.2,93717.20216425433,92453.87426131578,378761976.8,High
93429.2,93782.76120372048,93134.11850262422,250203397.6,High
93429.2,95223.56721182892,91784.7869147967,455560779.2,High
93429.2,93527.2887329768,92633.34680126596,603832919.6,High
93429.2,94382.54735627932,92253.6183941476,98474376.8,High
93429.2,94865.2541851333,91605.67451302226,558800045.1999999,High
93429.2,93895.3460808932,92299.78728803006,523950953.6,High
93429.2,94338.42593694523,92433.84872413984,357740406.8,High
93429.2,94397.88913980011,91724.22529835287,915045584.8,High
93429.2,93984.8744644002,91746.1686515585,772566054.8,High
93429.2,95082.54870133613,92526.5885003119,584306216.8,High
93429.2,95164.92463380488,92124.11360915173,305606913.2,High
93429.2,94852.81810683785,92132.55792188624,253847136.4,High
93429.2,93537.96048724216,92809.51893947106,336064832.4,High
93429.2,94639.06944040292,93045.91460104732,887951116.8,High
93429.2,93934.66369658272,92326.07372471815,668953072.0,High
93429.2,93996.92333011252,93271.73113856268,256463154.0,High
93429.2,93848.90967280704,91875.00603561044,87823448.0,High
93429.2,94538.74809479956,91985.54012993348,238151030.8,High
93429.2,94315.6239663654,92077.48340355109,703428446.8,High
93429.2,93866.23545785488,91688.15228780088,311679811.2,High
93429.2,95178.21122537684,91635.189647661,54656082.0,High
93429.2,93947.28732888612,92506.38943609524,720058844.4,High
93429.2,94905.0113025074,92137.86553924784,836565056.8,High
93429.2,93566.45937010155,91605.74861548188,615978715.6,High
93429.2,93848.33479531531,91820.76061144363,321863594.0,High
93429.2,94976.243230303,92174.57574563257,627003361.1999999,High
93429.2,94474.86937590988,92555.60512456042,751451055.6,High
93429.2,94669.57008985284,92017.6355918675,69231037.2,High
93429.2,94283.99023815773,93231.94532713165,273186980.8,High
93429.2,94295.94366605436,93294.62038654936,423701422.0,High
93429.2,93745.24073703362,91997.98348933455,900190342.0,High
93429.2,93826.16761625544,93105.84605600372,765091718.8,High
93429.2,95153.99127222048,91894.54806339214,148832715.6,High
93429.2,94334.99702309254,92635.53119756468,739865834.8,High
93429.2,94361.3101190668,91646.67641564684,489008432.8,High
93429.2,94705.4694698936,93222.18852560078,107723867.6,High
93429.2,93547.70673204922,92443.06956668434,546841107.6,High
93429.2,94468.2437833354,92856.82287545428,415012506.4,High
93429.2,95094.23685454988,93156.32709514882,491811308.8,High
93429.2,94263.40928650464,92375.15821742486,341016580.0,High
93429.2,94255.0646111433,93324.61286731252,809657447.1999999,High
93429.2,94327.32507435392,92962.596596746,444255846.0,High
93429.2,95040.5677129931,92533.74719737524,750236476.0,High
93429.2,94605.47555611782,92721.26792553664,722861720.4,High
93429.2,94849.29274276864,91803.50896351512,795736496.4,High
93429.2,94797.45689907648,92828.2533020356,874497312.0,High
93429.2,93612.91312780853,92763.93404604716,374464233.6,High
93429.2,95256.4222292138,91719.05582123982,680725151.1999999,High
93429.2,94776.25802702775,93031.39348994385,80816258.0,High
93429.2,94552.44131535532,92227.04463073048,653163537.1999999,High
93429.2,93602.8246227452,92633.03313028792,353255805.2,High
93429.2,95152.36543181936,93220.1377778754,191997006.0,High
93429.2,94356.16523642535,91921.12508234094,376052530.0,High
93429.2,95140.1367295958,91563.97352257352,348117199.2,High
93429.2,94265.3662764872,92585.84594148744,802837115.6,High
93429.2,94547.43494204128,92273.69712886572,732484928.0,High
93429.2,95109.11687243836,91849.77760626312,313454966.0,High
93429.2,94340.6754424798,91940.96282804944,865528108.8,High
93429.2,93841.32523212976,92439.22466134996,254874857.6,High
93429.2,94277.1852213574,92831.28981576646,642045462.4,High
93429.2,94200.07554257655,92888.68221187674,621584467.6,High
93429.2,94820.02427744288,91792.70917770284,58393250.0,High
93429.2,95015.0615327294,93199.52670787844,511992016.0,High
93429.2,93542.74571983198,92287.8535033767,866929546.8,High
93429.2,94401.00266039497,92467.48465862952,755281652.8,High
93429.2,93997.06956765844,92462.8980404462,527501263.2,High
93429.2,93814.52267835842,91906.98264399848,372875937.2,High
93429.2,94704.35981117652,93065.87202198898,815263199.1999999,High
93429.2,95005.85205554546,91580.99040187256,857306339.1999999,High
93429.2,94489.03368734178,92777.33989949113,661011590.0,High
93429.2,93866.64382811896,91869.45848367189,636159422.8,High
93429.2,94856.2769543977,93039.89452003378,143133534.4,High
93429.2,94448.07538969647,91987.7174300703,73248492.8,High
93429.2,94950.98643304389,92136.39037873392,590005398.0,High
93429.2,95235.16155607358,91924.3968777327,199751629.6,High
93429.2,94267.04212586276,91562.13788851551,24945596.4,High
93429.2,94088.90730094128,92122.67456060566,286173639.6,High
93429.2,94023.3639944706,92420.1898893103,218811186.4,High
93429.2,94749.23714301264,92095.53160183664,397447816.8,High
93429.2,95247.862046142,91989.4346535492,453972482.8,High
93429.2,94030.00208830395,92518.44861836756,581036194.8,High
93429.2,94343.24459347212,92929.49183819932,55403515.6,High
93429.2,94545.7058104974,92948.64313144542,493493034.4,High
93429.2,95215.99124147932,93296.93771734148,435006355.2,High
93429.2,93961.35012770595,91989.32470744663,335504257.2,High
93429.2,95229.676592608,92715.25383059286,86608868.39999999,High
93429.2,94452.85663713832,91989.15340612335,845440830.8,High
93429.2,94815.62881201148,93104.59301878217,819093796.4,High
93429.2,94909.63024331768,92142.48197294984,277765011.6,High
93429.2,93814.83606280031,93259.39244015612,61850130.4,High
93429.2,95252.95176434022,92281.75926821269,426037152.0,High
93429.2,95255.39432907494,93290.00725932172,351013504.4,High
93429.2,95060.21513120607,92097.8408900866,515635754.8,High
93429.2,95019.71454878936,91929.89769240914,914952155.6,High
93429.2,94101.7990543036,92603.7085002076,408098745.6,High
93429.2,95035.17906763277,92703.6166705938,782749837.6,High
93429.2,95099.54883706686,92923.72933384278,161445657.6,High
93429.2,93995.75490922086,91820.0005619387,95671500.8,High
93429.2,93825.57040795327,92505.98366166638,742108135.6,High
93429.2,94866.38366004042,91993.41068247256,129492871.2,High
93429.2,94548.198780084,92235.43122808194,401932418.4,High
93429.2,93714.10307693074,93076.97459448442,449394452.0,High
93429.2,94231.81348179486,93033.74226917703,802463398.8,High
93429.2,94111.98049626048,92870.25601299346,629245662.0,High
93429.2,94695.45766978264,91812.38813088334,13453804.8,High
93429.2,94268.9134271,92760.72713892208,797324792.8,High
93429.2,94674.13004667596,91757.76458542077,456588500.4,High
93429.2,94941.66676611184,92217.83264534526,682406876.8,High
93429.2,94777.79243510266,92078.40731999204,523577236.8,High
93429.2,94618.8500281319,92837.87474765498,110993889.6,High
93429.2,95131.7497416404,93250.22124251368,785085567.6,High
93429.2,93962.48017479602,92530.04255014993,839835078.8,High
93429.2,94423.62055521004,92198.5870980751,847869990.0,High
93429.2,94864.84443016628,92740.6856807608,763129705.6,High
93429.2,93920.32493518548,91644.53764099893,843291959.1999999,High
93429.2,93898.41818403904,92201.8074432718,19526702.8,High
93429.2,94737.31978061616,91571.86340686923,179664351.6,High
93429.2,94908.38454617688,91913.3538407841,910934700.0,High
93429.2,95096.06390851896,92429.94336078926,411742484.4,High
93429.2,94318.4553968638,93044.0685761804,388852330.4,High
93429.2,94794.16564660057,92182.03741479508,583185066.4,High
93429.2,93826.091121745,93067.32243659656,221053487.2,High
93429.2,94081.37559774308,92615.58180854032,279913883.2,High
93429.2,94644.74149764326,92459.58188874468,501060799.6,High
93429.2,93785.14539718536,92457.64636133982,130333734.0,High
93429.2,95219.11337956708,92895.84630905848,918782752.8,High
93429.2,93749.59601541214,93294.94752390376,83899421.6,High
93429.2,94901.5058417463,92353.60280806468,887857687.6,High
93429.2,94088.2181145266,92533.84689745122,234320433.6,High
93429.2,94823.64952768064,93222.48823148696,550391417.1999999,High
93429.2,94241.1367879832,92416.9445737739,39520551.6,High
93429.2,94849.78613325616,93131.6274141802,141171521.2,High
93429.2,95120.86913067794,91575.1283364732,81470262.39999999,High
93429.2,94580.87590582349,92022.04990129464,318500142.8,High
93429.2,93813.62689468282,92689.90708970145,71006192.0,High
93429.2,95210.9246550095,91845.12040054088,811619460.4,High
93429.2,94467.87353831995,93154.37937952054,823671827.1999999,High
93429.2,93947.64988777862,91777.5740982989,575430442.8,High
93429.2,94247.65088304544,92166.16828610656,120710526.4,High
93429.2,94802.68010436217,93190.90156561922,771164616.8,High
93429.2,95182.93220938936,92559.23618529954,402866710.4,High
93429.2,95131.96025351218,92276.43155083257,291966250.0,High
93429.2,93771.66442055668,92228.54837477324,288042223.6,High
93429.2,95070.190666606,92027.46990432522,648305218.8,High
93429.2,94570.2673029408,92165.74207696324,751077338.8,High
93429.2,94249.87366868334,92193.12407473336,420431400.0,High
93429.2,94346.95255220716,91879.35196509828,294021692.4,High
93429.2,94933.18800581431,93299.27542759776,839274503.6,High
93429.2,95022.2357371226,91632.13135493793,85394288.8,High
93429.2,94690.49803069676,92571.99043337395,831893596.8,High
93429.2,93626.40704493268,92830.9229217108,809470588.8,High
93429.2,94957.77737027354,92466.62393529464,507787702.0,High
93429.2,93568.3291646103,91666.5985745064,375585384.0,High
93429.2,94210.97767859708,91704.573978397,654191258.4,High
93429.2,94311.09515905836,91884.1928309819,531985864.8,High
93429.2,94421.04692745976,92939.45332714052,837686207.1999999,High
93429.2,93976.98609379644,92828.12682300064,426410868.8,High
93429.2,94266.53656114655,91864.13477163496,354096668.0,High
93429.2,94920.20578099084,92177.99623131088,73248492.8,High
93429.2,94004.16906390412,92899.19100145817,272626405.6,High
93429.2,94966.27519371772,91792.94571981562,781908974.8,High
93429.2,93544.95328204238,91730.79222736791,220679770.4,High
93429.2,93776.11929402647,92208.69806960112,823671827.1999999,High
93429.2,95165.18113320494,91587.89890354032,765932581.6,High
93429.2,94357.66189227616,92356.7116801826,899910054.4,High
93429.2,93612.80287430332,91812.43274432526,451823611.2,High
93429.2,94606.26047002972,92797.50450874944,585333938.0,High
93429.2,94332.11228730564,91645.70362358476,861043507.1999999,High
93429.2,93679.88602549431,92692.90481660728,56337807.6,High
93429.2,94140.31648993318,93159.05484467708,625228206.4,High
93429.2,94613.3306128862,93060.38362318656,555436594.0,High
93429.2,94636.90903588044,92211.29542066666,250577114.4,High
93429.2,95097.0193701392,91991.6507105086,20087278.0,High
93429.2,94396.90374859764,93238.62363876589,526753829.6,High
93429.2,93708.55499765593,92502.31329772576,149953866.0,High
93429.2,93724.20354307628,91943.6818704213,806948000.4,High
93429.2,94262.51959059892,92400.29229298174,183401519.6,High
93429.2,93851.60290895728,92592.21082799384,225631518.0,High
93429.2,95157.46481689737,93021.67002865233,869452135.1999999,High
93429.2,93899.10091048456,93134.0432205033,830585588.0,High
93429.2,94190.74377999226,92744.56174952615,763409993.1999999,High
93429.2,94432.18635797988,92829.94238023405,813674902.8,High
93429.2,94109.14431762026,92682.99666402988,597853450.8,High
93429.2,94702.39045203855,93200.5345802056,863752954.0,High
93429.2,94597.05150545156,92934.5517174345,912896713.2,High
93429.2,95190.152272368,92421.00391659852,724450016.8,High
93429.2,94999.48531973372,91575.50406757888,915979876.8,High
93429.2,94592.97953574992,92597.72709381425,382405715.6,High
93429.2,94315.61164092195,92602.4684604591,894584590.0,High
93429.2,94613.9494369916,92831.4101359763,380817419.2,High
93429.2,94628.66779987852,92345.72974667432,240767048.4,High
93429.2,94001.17117049888,91809.3686412616,351480650.4,High
93429.2,93838.637971307,92147.50757412871,254407711.6,High
93429.2,94443.9479503252,91562.95266328297,70819333.6,High
93429.2,94068.0688209798,91657.75883211828,130707450.8,High
93429.2,94206.47287655176,91838.67858172151,622799047.1999999,High
93429.2,93525.58238955564,93261.65364239793,48022608.8,High
93429.2,94732.71313443086,91995.9396500804,596638871.1999999,High
93429.2,93625.61561726371,92242.48209611225,32419932.4,High
93429.2,94828.20490704173,92011.83435297733,230956982.4,High
93429.2,93891.790140265,91600.63827383172,651948957.6,High
93429.2,93815.11240870714,92944.3939937495,269636671.2,High
93429.2,94588.70946754888,92694.26370790043,617753870.4,High
93429.2,95268.44590656938,92354.8393830104,22329578.8,High
93429.2,94271.8680589164,92739.16484227365,208253686.8,High
93429.2,95065.80517676107,91800.9280843988,510590578.0,High
93429.2,93632.406327151,92372.68281617766,63999002.0,High
93429.2,94425.59409879276,93326.44547972028,222081208.4,High
93429.2,94732.86914640245,91718.60010267966,143974397.2,High
93429.2,94189.00317395876,92408.79960831835,315510408.4,High
93429.2,93752.457644234,92117.95296987543,418656245.2,High
93429.2,93549.97802626056,92432.71179548824,875057887.1999999,High
93429.2,94209.1567142691,92245.62937789528,408005316.4,High
93429.2,94841.10495509562,91594.35296610472,248334813.6,High
93429.2,95281.01186495525,92551.51390629009,533200444.4,High
93429.2,94344.65479069386,92096.76887973132,356245539.6,High
93429.2,94046.15284319132,91810.15085997876,438650094.0,High
93429.2,94138.01650688118,93150.25243694762,449114164.4,High
93429.2,93685.82109650785,92303.80236005518,26440463.6,High
93429.2,94321.6498647965,92521.73378466842,570011549.1999999,High
93429.2,94635.87958542276,91574.50709344208,718937694.0,High
93429.2,94629.57563650422,91672.49779490524,67082165.6,High
93429.2,93545.29620048088,93005.23024120354,85768005.6,High
93429.2,94647.60153876842,93162.50695868667,54749511.2,High
93429.2,94704.3256591278,92530.49251646332,267020653.6,High
93429.2,94413.80045130718,93301.77352420376,783310412.8,High
93429.2,95199.9362237866,92453.58390487924,503770246.4,High
93429.2,93980.69856621504,92024.92091326516,701746721.1999999,High
93429.2,95034.9118144402,91767.8356110256,503863675.6,High
93429.2,93831.89944526448,91625.87395959075,784431563.1999999,High
93429.2,93987.64018532971,91708.17040090714,160791653.2,High
93429.2,93886.35624408288,91713.3772363843,711089641.1999999,High
93429.2,95094.20835349862,92741.31942602832,392402640.0,High
93429.2,94931.260118843,92649.51977519126,257023729.2,High
93429.2,94322.3076357041,91890.41476175454,800875102.4,High
93429.2,94193.678670598,92506.51383314292,560575200.0,High
93429.2,93545.53098643104,93068.50101980376,191436430.8,High
93429.2,94768.68062990166,92529.3736659758,291218816.4,High
93429.2,95235.5437447664,92679.10605620172,784151275.6,High
93429.2,94904.621514207,93184.31057256172,46901458.4,High
93429.2,93936.37629179998,92713.73339117848,777891519.1999999,High
93429.2,93992.1612506675,91633.0057247136,154251609.2,High
93429.2,94273.16973610838,91691.1358140032,106602717.2,High
93429.2,94246.41605444383,91615.40079090324,741454131.1999999,High
93429.2,93935.06455047891,92320.94538231424,519092635.2,High
93429.2,94927.87331576888,93147.79067801387,549176837.6,High
93429.2,94918.05300336074,92932.83133991437,91934332.8,High
93429.2,94776.72429341408,93004.94341658452,343445739.2,High
93429.2,93531.43503568624,93000.88148328075,627470507.1999999,High
93429.2,95151.11768982084,91758.82466071373,9810066.0,High
93429.2,94121.84709055816,92973.60779068686,14761813.6,High
93429.2,93573.7869518819,92663.04840322786,181065789.6,High
93429.2,94654.14665820112,93170.56262586603,160324507.2,High
93429.2,94831.98212929389,93270.96346910928,77079090.0,High
93429.2,94713.68886572355,91653.1889990981,879168772.0,High
93429.2,94216.56605426651,91982.36581262386,187886121.2,High
93429.2,95051.33215941436,92563.7669093878,373716800.0,High
93429.2,94155.48699345716,93036.09499036102,569544403.1999999,High
93429.2,94478.12091610396,91595.40213651642,93148912.4,High
93429.2,95158.88974533914,92565.0637959554,260760897.2,High
93429.2,94814.75607425648,92369.10331553078,318032996.8,High
93429.2,93690.68012782,93201.88188363494,218530898.8,High
93429.2,94902.17058850016,92839.5380685338,441172682.4,High
93429.2,95123.2702775523,92870.08746089172,79414820.0,High
93429.2,94987.8211728149,93088.98173558172,327749633.6,High
93429.2,94368.96138504145,91748.4550769699,791719040.8,High
93429.2,94987.39426240942,92991.7117832751,129025725.2,High
93429.2,93656.88254384937,93281.0914335983,679697430.0,High
93429.2,93973.92079027023,91585.7170490821,847215985.6,High
93429.2,95061.45213149289,91667.88226613936,193772160.8,High
93429.2,93596.09897172629,92052.42891007267,59514400.4,High
93429.2,94229.2367027893,91842.08283284937,364467309.2,High
93429.2,95050.09644795598,93058.4208436874,612802122.8,High
93429.2,94314.09043299584,93193.79835962036,461073102.0,High
93429.2,93672.84416383336,91801.65093842353,35503096.0,High
93429.2,94337.62499934602,92699.40495467372,486018698.4,High
93429.2,94822.42582754637,92762.7929504146,932516845.2,High
93429.2,94084.27393165424,92113.23039404929,517691197.2,High
93429.2,95131.86191145044,91991.90654127064,858988064.8,High
93429.2,95192.68844715552,92246.38361079094,148458998.79999998,High
93429.2,93820.43907605745,93166.62007480316,819000367.1999999,High
93429.2,93688.40458395972,92687.35534566328,676614266.4,High
93429.2,94054.0338663736,93312.41378723748,164435392.0,High
93429.2,94355.25250681116,93162.7652144294,85581147.2,High
93429.2,93801.35348321518,92042.80058054616,28309047.6,High
93429.2,93951.45035051876,92851.8555309203,625788781.6,High
93429.2,95179.37896172272,93052.41989968604,824512690.0,High
93429.2,94791.65190158087,91595.31033623038,199284483.6,High
93429.2,94584.07590251946,91879.5139107622,842170808.8,High
93429.2,94779.36018961204,92124.85498058535,766866873.6,High
93429.2,93527.46803945638,92757.78855574118,316444700.4,High
93429.2,93780.95215305606,93037.92990664564,362598725.2,High
93429.2,94750.59293112616,86064.41324597687,341196928.17,High
87508.83,88785.09390805209,85880.79397865711,759926679.72,High
87508.83,89014.54941559037,85985.28489866946,677843397.1800001,High
87508.83,88569.91432260354,87001.29475197727,708646505.34,High
87508.83,88522.86051793334,87273.036695205,130125630.21,High
87508.83,88257.47828290107,86583.00781611475,488211762.57,High
87508.83,88954.00030732936,86135.87690828,562331741.58,High
87508.83,89012.97009810664,85789.17484797658,809281659.84,High
87508.83,88347.1878948608,85898.53059623345,251675395.08,High
87508.83,88220.8249756353,87368.11914703913,540804569.4,High
87508.83,87680.14575243327,87384.62528487426,106848281.43,High
87508.83,88913.29902435133,86370.97401831439,27390263.79,High
87508.83,88715.40909446133,87208.82861123185,819432684.12,High
87508.83,88326.58579123959,86411.45101867752,186043772.58,High
87508.83,88435.46293436595,87405.68608254807,510876549.54,High
87508.83,89086.17602879975,86188.11807727715,516214588.17,High
87508.83,89055.61923012778,86777.61604870194,571870204.05,High
87508.83,87894.0952241928,86161.21734216611,845772841.95,High
87508.83,89007.95954992433,86269.55593036606,858286604.64,High
87508.83,88443.86534225059,86627.16464982183,49792524.27,High
87508.83,87772.77772367015,86575.63394665925,482436179.79,High
87508.83,88114.23277014807,87271.34013617979,484186356.39,High
87508.83,88738.50137160442,86343.3135845374,122599870.83,High
87508.83,89081.82259745117,86355.958345644,615624619.0500001,High
87508.83,87776.48844137945,86064.86345747385,505538510.91,High
87508.83,88609.98955420221,87339.56932336211,663929493.21,High
87508.83,88723.84193892857,87109.11607320589,814969733.79,High
87508.83,88055.52943715296,86319.04155311167,272502496.62,High
87508.83,88854.38076247464,86503.97311789416,163991547.42000002,High
87508.83,87768.13948709842,86731.52832616802,185168684.28,High
87508.83,87994.84186695924,87376.48715085312,194094584.94,High
87508.83,87597.15513968657,86034.62381894805,396590017.56,High
87508.83,88432.22496102219,86938.9348708666,449970403.86,High
87508.83,88034.34530216473,86814.7983705514,691319757.0,High
87508.83,87726.1391004109,86663.92461878576,30978125.82,High
87508.83,89060.95203205633,86515.28863200673,579833507.58,High
87508.83,87926.65269731364,87020.71628669655,195669743.88,High
87508.83,88539.60315774872,86592.13008469171,190594231.74,High
87508.83,88047.69565157911,85882.7204044488,723785532.9300001,High
87508.83,88589.78211704048,87085.95389871113,400702932.57,High
87508.83,88684.21675486899,86505.91579396681,98884977.9,High
87508.83,88802.75608508677,85803.3623069487,503700825.48,High
87508.83,88088.03304978361,86623.62835032592,739624631.16,High
87508.83,87674.90839232698,85916.40633722473,149377572.81,High
87508.83,89021.6967691758,87358.17257347438,452070615.78,High
87508.83,89207.95236908835,86550.22053053044,393877243.83,High
87508.83,89069.8361068953,87416.5418111115,372962633.46,High
87508.83,87733.69189539108,86970.75873953945,237936508.77,High
87508.83,88901.75947619187,85897.26525149676,571782695.22,High
87508.83,88404.40112670822,86730.57078373284,84095985.63,High
87508.83,88647.3466035914,86651.44203772706,821882931.36,High
87508.83,88613.41806166463,86751.14338070876,358173641.19,High
87508.83,88485.91811196781,86191.8296727304,629538523.02,High
87508.83,88718.76916227608,86759.28993599914,692719898.28,High
87508.83,88621.07660516824,86571.70483624574,608711421.48,High
87508.83,88555.43340938058,87315.86279045069,873863176.38,High
87508.83,87833.80857800407,86235.34749155163,611336686.38,High
87508.83,89034.4424490074,86532.92227269776,411291501.0,High
87508.83,88849.15138392709,85802.60068027783,184031069.49,High
87508.83,89199.76441710746,85972.9263080941,458108725.05,High
87508.83,88912.74440391466,86846.95996882349,464146834.32,High
87508.83,88564.87817259935,86802.04787936076,131350753.83,High
87508.83,89121.2837568862,86323.4977670524,746800355.22,High
87508.83,88684.16034875366,86659.07687779033,421967578.26,High
87508.83,88111.98146961101,86499.18670646429,187968966.84,High
87508.83,87888.14270010832,85806.9270973971,822845528.49,High
87508.83,88601.10189767544,87270.58757794593,269877231.72,High
87508.83,88820.35183726954,86432.39027131075,792217437.99,High
87508.83,88966.64664897621,86294.71423965525,640564635.6,High
87508.83,88070.67789209372,87056.58050995617,789592173.09,High
87508.83,89096.06539401737,86446.84034553388,667517355.24,High
87508.83,88557.31304297893,86132.83734662796,258326066.16,High
87508.83,88798.60234670137,86946.61639982171,765439736.01,High
87508.83,88939.9952454959,85796.87656694696,316694455.77,High
87508.83,89144.75136977923,87204.73272457335,653778468.9300001,High
87508.83,88078.49643373559,86633.33783946425,506763634.53,High
87508.83,88248.88042759041,86209.45068733678,369724806.75,High
87508.83,89092.68546290667,86689.43011691798,764302121.22,High
87508.83,88983.79541024097,86565.89390201782,665854687.47,High
87508.83,88259.96979874953,86631.86037549288,536604145.56,High
87508.83,88373.36710231015,87332.18044045386,18114327.81,High
87508.83,88788.71707420445,86886.80278239616,693770004.24,High
87508.83,87698.17664249719,87283.46367494759,253950624.66,High
87508.83,88207.06765343767,86157.16971522315,392652120.21,High
87508.83,87939.23113707147,86627.24825018599,500287981.11,High
87508.83,88458.92286115958,86744.34666489509,463796799.0,High
87508.83,88880.08864910807,86156.14915258379,494074854.18,High
87508.83,87812.36071824294,86328.75020124436,604510997.64,High
87508.83,89236.95040946959,86734.1845701129,528115789.05,High
87508.83,88372.99041583671,87198.69336974388,638376914.85,High
87508.83,88881.6087611652,86618.92252405365,229885696.41,High
87508.83,88182.29013172936,87101.36244437851,492587204.07,High
87508.83,88407.94811839607,86723.8579317031,543604851.96,High
87508.83,89200.58750702345,85956.92358277983,243887109.21,High
87508.83,88744.01547138704,86962.61161020095,835884344.16,High
87508.83,87638.99161232905,86700.208320782,414179292.39,High
87508.83,87982.04804637427,87368.97935825957,163116459.12,High
87508.83,88027.40333467322,85934.84625168458,590247058.35,High
87508.83,89190.6824679685,87289.08423960338,46467188.73,High
87508.83,88875.87585436791,86366.41939163671,628488417.0600001,High
87508.83,88724.67608484215,85806.16275938628,354148235.01,High
87508.83,87712.14486833231,85903.11574169289,184468613.64,High
87508.83,88932.81533441925,87369.84771566498,320807370.78000003,High
87508.83,87898.40110657351,86972.05651661652,782766484.35,High
87508.83,87843.71132984232,87242.24180049257,544392431.4300001,High
87508.83,89040.94756181623,86747.0922591561,719410091.4300001,High
87508.83,87604.71392689424,86668.56096908287,275827832.16,High
87508.83,87701.55225378777,87143.32268120156,102910384.08,High
87508.83,89125.00553530663,86133.52168461269,152440381.86,High
87508.83,88014.59193636928,86841.15321422776,161541300.18,High
87508.83,88883.80612186239,86757.64141925875,581496175.35,High
87508.83,88688.99950803253,86927.13845965642,593047340.91,High
87508.83,87782.94396153095,86944.88414489265,121899800.19,High
87508.83,88918.04149703417,86723.01721587271,724223077.08,High
87508.83,87941.16113751559,86739.21491337132,152177855.37,High
87508.83,88752.60219269326,86564.76396443078,700683201.8100001,High
87508.83,88229.5714078025,86242.65731863001,236011314.51,High
87508.83,88502.0934887964,87235.48270752384,338484154.44,High
87508.83,89169.56581424437,87266.6566340479,138701495.55,High
87508.83,88027.26888036718,87162.89203720025,529603439.16,High
87508.83,88096.96719326545,87261.41027528746,806131341.96,High
87508.83,88082.71141225348,87150.9204967719,823195563.8100001,High
87508.83,88211.56369251474,87369.38765895255,435618955.74,High
87508.83,88555.07203462532,86046.2430049525,68606922.72,High
87508.83,88926.89069600205,86089.36362593267,554630964.54,High
87508.83,89081.28989158198,87381.71006517518,367099541.85,High
87508.83,87698.07561566489,86880.95406963558,379788322.2,High
87508.83,88677.23338621145,86379.67023116528,64669025.370000005,High
87508.83,88581.31085924659,87166.56360033706,153928031.97,High
87508.83,88595.50083515457,87135.91747731697,427393125.72,High
87508.83,88915.3885584635,87309.36713633282,583771404.9300001,High
87508.83,89155.68221498541,87159.46806539517,714334579.29,High
87508.83,88840.4402346287,86345.36783871794,205120697.52,High
87508.83,87881.69368796887,86374.26103994134,146227254.93,High
87508.83,89183.6065499437,86977.32650345017,540367025.25,High
87508.83,89034.8890044539,86992.2503732213,494249871.84,High
87508.83,88094.56624932935,86730.27794245974,164516600.4,High
87508.83,87799.60384576833,86625.28973457555,530566036.29,High
87508.83,88936.43342691695,85895.67388107066,403590723.96,High
87508.83,89219.6875414211,86294.87793939667,617024760.33,High
87508.83,87808.30753558238,86889.3082793177,612474301.17,High
87508.83,88679.33302512471,86148.46224155313,461434060.59,High
87508.83,87612.6943067117,86685.33001598965,204595644.54,High
87508.83,87655.3517435068,86441.34208833732,811469380.59,High
87508.83,88901.83598461053,86330.11550181423,80683141.26,High
87508.83,88952.38336802452,86880.73766866661,34741005.51,High
87508.83,88177.1854361013,86588.94185425523,571607677.5600001,High
87508.83,88341.14810035913,87253.28617829984,802455971.1,High
87508.83,88892.35044858888,86012.96761057622,412779151.11,High
87508.83,89022.4167164387,85837.76865819792,423105193.05,High
87508.83,88055.40261881782,85921.86316915434,835971852.99,High
87508.83,88900.34899694836,87346.91074808383,314769261.51,High
87508.83,87930.33229267095,86003.27563500672,723698024.1,High
87508.83,88340.12036662227,86021.23174152695,149377572.81,High
87508.83,88791.62612052303,87204.06198270211,484186356.39,High
87508.83,88736.5937685377,86222.60798415227,35441076.15,High
87508.83,88431.4786555261,87331.78746072075,18201836.64,High
87508.83,88710.11575079094,86071.46646803505,78757947.0,High
87508.83,87680.35823867495,86087.81648619671,528815859.69,High
87508.83,88075.63150663143,85812.44315893343,615712127.88,High
87508.83,87955.9289228639,86699.81186457216,61081163.34,High
87508.83,87732.3335408011,86595.14047958997,252550483.38,High
87508.83,87941.65686147369,86704.53228287312,420304910.49,High
87508.83,89026.28322134083,86572.73825073993,165741724.02,High
87508.83,89086.55371331122,86065.63852843635,589984531.86,High
87508.83,88482.71740147192,85977.50503992554,506501108.04,High
87508.83,88401.72701476766,87395.77541791499,513764340.93,High
87508.83,88366.43283673827,86310.26537985008,783641572.65,High
87508.83,89190.91202102801,86383.49290399566,170729727.33,High
87508.83,89160.60771977417,86403.98366029572,114461549.64,High
87508.83,87956.286319973,86174.99988241728,759489135.57,High
87508.83,87754.27854996533,86202.5837792664,810244256.97,High
87508.83,87686.75997531455,87242.7391958081,412779151.11,High
87508.83,88191.01415821117,86240.33647044383,492149659.92,High
87508.83,88290.57387098296,86042.78378952683,475172946.9,High
87508.83,88008.14130709917,87400.93099762351,781453851.9,High
87508.83,89126.36739929122,86889.72134041312,10763586.09,High
87508.83,88988.24781145631,87088.52301126807,316606946.94,High
87508.83,88834.13358917431,87390.0711630612,807881518.5600001,High
87508.83,88400.89777302777,85976.98548724831,689919615.72,High
87508.83,89070.28677234198,86527.43986005321,218247022.02,High
87508.83,89167.87138191175,86196.04190210746,863887169.76,High
87508.83,89072.24245492551,87059.52088918867,758964082.59,High
87508.83,88030.89571945532,87214.05686192318,281865941.43,High
87508.83,89033.2618304848,87162.1476653619,115599164.43,High
87508.83,88178.88293461171,86014.84715494943,558743879.55,High
87508.83,87801.29293191202,86991.59332108071,311443925.97,High
87508.83,88832.7358261898,86394.34913441593,438681764.79,High
87508.83,88941.24511852072,86831.97033768696,411904062.81,High
87508.83,89237.02739987572,86689.08964820695,559706476.6800001,High
87508.83,88396.0113375345,85999.45120482217,137213845.44,High
87508.83,88013.70591355124,86200.45502253048,574232942.46,High
87508.83,87705.06320391898,86863.22104556496,236711385.15,High
87508.83,88283.32583389903,85929.57484007374,320019791.31,High
87508.83,88556.41079435904,86896.25824273568,170642218.5,High
87508.83,88421.85018908643,86173.90661110812,871412929.14,High
87508.83,87867.00060805024,86108.09214663012,774365636.67,High
87508.83,88214.09550877928,86821.52354143765,297267495.51,High
87508.83,89122.51229294263,86549.2637433633,55218071.73,High
87508.83,88359.99192812404,86657.43848953092,237236438.13,High
87508.83,88447.99624400132,86382.94415697176,153490487.82,High
87508.83,88380.97106882451,86207.80978056381,612824336.49,High
87508.83,88235.99249818533,85904.73419838064,289304191.98,High
87508.83,87697.14154002033,86450.56284910836,621662728.32,High
87508.83,87977.39652474191,85920.99722227693,238374052.92,High
87508.83,88427.66911753791,85770.43518572467,695957724.99,High
87508.83,88568.05646135747,86513.94654319652,477360667.65,High
87508.83,88391.32340488651,87002.12933105424,697970428.08,High
87508.83,88201.371617601,86353.03485035697,422667648.9,High
87508.83,88932.28817892725,86208.91900925165,743212493.19,High
87508.83,88751.50322196369,86343.45427404143,178430504.37,High
87508.83,89168.25844394218,87328.69579414031,325620356.43,High
87508.83,87642.45386218537,87107.66816143923,161803826.67000002,High
87508.83,88833.49574920768,87024.63588044386,483836321.07,High
87508.83,87698.38650852806,87013.93117335699,96172204.17,High
87508.83,88080.14096264781,85859.8977582555,133538474.58,High
87508.83,89121.17471344324,86310.63439979687,154540593.78,High
87508.83,88885.49709166682,87035.26051762048,622362798.96,High
87508.83,88697.05675460654,87146.0447572311,577995822.15,High
87508.83,88260.90127111648,87340.97382399705,60293583.870000005,High
87508.83,87679.18548943604,86950.76640087277,694907619.03,High
87508.83,88029.05278052016,86861.48970645103,574320451.29,High
87508.83,88395.86391420462,86954.61782668889,207745962.42,High
87508.83,88299.27883771781,86224.50086163888,43579397.34,High
87508.83,88358.06099043386,86478.60717745373,520152485.52,High
87508.83,87646.73583527253,87249.56312789746,54605509.92,High
87508.83,88648.93074078631,86341.64947216108,872988088.08,High
87508.83,88346.1447684324,86904.99288038412,32553284.76,High
87508.83,87624.25288955268,86188.6857067899,410941465.68,High
87508.83,89157.9385827642,86608.32773513441,39203955.84,High
87508.83,87925.0489516082,87187.05776081306,434218814.46,High
87508.83,87878.3099830538,87117.14696076569,43579397.34,High
87508.83,88851.80936228258,86504.40134305359,157603402.83,High
87508.83,88176.04981967002,86948.31954956196,345572369.67,High
87508.83,88613.14061199944,86786.06466965545,641264706.24,High
87508.83,87606.25854005097,86115.18391791655,287028962.4,High
87508.83,88313.67005976851,86496.90273878703,637939370.7,High
87508.83,87637.6295407474,85962.72876572251,609936545.1,High
87508.83,87944.77056711593,86277.34190749805,289304191.98,High
87508.83,87920.08919826821,87165.57890675616,597335273.58,High
87508.83,89210.66745959724,87255.80016073887,290179280.28000003,High
87508.83,88099.15132212469,86351.69154349623,810419274.63,High
87508.83,88991.73506030698,86530.85455699264,868787664.24,High
87508.83,88295.91723706757,86200.4294400534,213521545.2,High
87508.83,89029.77348120742,86499.28891086107,146052237.27,High
87508.83,88698.33379472549,85779.21689329394,768940089.21,High
87508.83,87608.13117563397,85789.17686114345,747762952.35,High
87508.83,87781.89292746317,86968.81071079342,856711445.7,High
87508.83,87648.45516264562,86104.70515829518,865112293.38,High
87508.83,87746.71890723992,86147.52560138749,350647881.81,High
87508.83,87962.64793320735,86023.91303405276,81470720.73,High
87508.83,88902.5018456986,86722.43736545875,289216683.15,High
87508.83,88816.20596838773,85878.69568918487,135376160.01,High
87508.83,88003.21617273113,86794.86742063198,872638052.76,High
87508.83,88245.48247158939,86235.29973852616,19514469.09,High
87508.83,89025.38171849148,86419.76666947757,145877219.61,High
87508.83,87716.58489059194,86816.19775944993,478323264.78,High
87508.83,88535.43978797068,87042.42700989134,672242832.0600001,High
87508.83,87787.59228337112,86281.80595190443,872025490.95,High
87508.83,89249.1215853091,85921.04311699307,770602756.98,High
87508.83,88330.64965330093,86758.75090735914,701645798.94,High
87508.83,89118.13089629998,87260.92587195415,439119308.94,High
87508.83,87850.69825515024,86954.76387900516,755726255.88,High
87508.83,89242.88898685723,86755.16747596356,181930857.57,High
87508.83,87694.94156919351,86744.51953176646,741637334.25,High
87508.83,87694.30707630442,86361.07938582505,612299283.51,High
87508.83,88965.10868302446,87229.86461198014,694382566.0500001,High
87508.83,88887.55372041637,87234.09400477144,821970440.19,High
87508.83,88008.57533813313,87132.77634685383,202932976.77,High
87508.83,88006.76158618327,87145.76175754466,734986663.17,High
87508.83,88382.20719788625,87129.0917052228,675568167.6,High
87508.83,89165.23635958509,87412.63355675734,284228679.84000003,High
87508.83,88636.98018328942,86965.41222757437,667167319.92,High
87508.83,88980.55905896546,86480.76472347787,550168014.21,High
87508.83,89038.04374242382,85771.6357920932,326495444.73,High
87508.83,87819.88350182751,86737.85189651352,277140464.61,High
87508.83,88558.70511978104,86014.61173048106,719322582.6,High
87508.83,89237.29345103452,87073.03969711387,207745962.42,High
87508.83,87755.36513187915,85858.7963337594,482086144.47,High
87508.83,88333.80920287721,87393.02216427568,850410809.94,High
87508.83,88868.03579022024,87376.20765558336,21089628.03,High
87508.83,89241.67671613437,86819.32104394239,282215976.75,High
87508.83,87795.38693880342,85965.9625334453,585434072.7,High
87508.83,88268.78702089237,86478.71411916289,24589981.23,High
87508.83,88848.26208819884,87362.90404208095,366574488.87,High
87508.83,88584.09639811977,86024.09762755704,140889216.3,High
87508.83,89057.24696495,87151.66775058873,692982424.77,High
87508.83,87766.17484052459,86796.16146562061,624025466.73,High
87508.83,88498.35698054358,87279.32859883027,794230141.08,High
87508.83,88609.22591416562,85873.02961454829,606523700.73,High
87508.83,88950.19023624084,87410.9503945507,760889276.85,High
87508.83,89002.32820432562,85960.73974130026,151477784.73,High
87508.83,88384.7177932136,87141.39112210413,438769273.62,High
87508.83,88601.1303735228,87085.03379310993,149552590.47,High
87508.83,87609.39530999323,87054.34494936939,157603402.83,High
87508.83,88741.96518093468,87184.64590250146,404728338.75,High
87508.83,87622.02052054128,87183.39869694933,800355759.1800001,High
87508.83,88672.23180126115,85972.15733065619,531266106.93,High
87508.83,88437.47588150496,86727.84961349696,658591454.58,High
87508.83,89182.62317516508,86818.31040921606,332446045.17,High
87508.83,87867.47673667541,87013.19674140326,314856770.34000003,High
87508.83,88234.43202641142,85916.75575620797,287991559.53000003,High
87508.83,89021.7398304918,86448.6684121809,192169390.68,High
87508.83,88451.10863760122,86847.31351773138,843322594.71,High
87508.83,88950.78845764611,87092.6499548983,286416400.59000003,High
87508.83,88440.0187729399,85903.43969538253,235136226.21,High
87508.83,88730.9466355205,87080.78950672159,823283072.64,High
87508.83,89062.05129234258,87312.70075995153,258763610.31,High
87508.83,87687.47933852312,86372.94976032489,173179974.57,High
87508.83,89060.91306087417,86960.60533012539,808494080.37,High
87508.83,87893.89093704917,87125.54561005831,543779869.62,High
87508.83,88852.14693886336,86415.25566776702,776028304.44,High
87508.83,88537.12798945307,86662.52606279141,544654957.92,High
87508.83,88149.87818070583,87160.16544982948,204770662.2,High
87508.83,89190.02204786889,86466.19097255124,593397376.23,High
87508.83,88995.36286164113,86311.93661656098,100722663.33,High
87508.83,88071.12560966515,86267.80108768196,286328891.76,High
87508.83,87933.33357793934,87002.08972232668,113761479.0,High
87508.83,88193.22081180157,86558.63799228756,246424865.28,High
87508.83,88148.53709116603,86860.1477678108,493724818.86,High
87508.83,87861.96195607765,85880.57041202087,241874406.12,High
87508.83,89154.93618886256,86621.2096838394,191206793.55,High
87508.83,89072.16426327825,86472.68085924756,555068508.69,High
87508.83,89050.91540646246,86537.80173881333,49442488.95,High
87508.83,88354.03535338836,85761.95673650096,293942159.97,High
87508.83,88909.1815336746,85931.67290057901,375062845.38,High
87508.83,88195.49390401752,85779.5905816349,685456665.39,High
87508.83,89027.22870707462,87021.63646431058,237148929.3,High
87508.83,89103.455657293,86619.30680834712,215884283.61,High
87508.83,88491.35276583754,86668.45370184231,367099541.85,High
87508.83,88388.08829658624,86254.97292554646,483223759.26,High
87508.83,88482.04041244295,86219.9021125962,457846198.56,High
87508.83,87992.25696726242,86725.73408055186,483048741.6,High
87508.83,87749.06929772523,86545.61253828944,510789040.71,High
87508.83,88239.65822956403,86647.09706623411,770165212.83,High
87508.83,88899.99443978281,86148.38938414618,119887097.1,High
87508.83,88729.86552262833,86599.28086576489,55305580.56,High
87508.83,88994.4308059746,86293.97425994909,419954875.17,High
87508.83,88346.98056303861,86052.73224895008,470972523.06,High
87508.83,87802.96184643541,86293.56702392561,829408690.74,High
87508.83,88465.29096093467,86815.82479763767,811119345.27,High
87508.83,87661.9975965061,86625.82934868913,507026161.02,High
87508.83,88312.7298618377,86646.12801321072,51280174.38,High
87508.83,87931.22815303662,85826.37529013514,397640123.52,High
87508.83,89000.04263126296,86696.825862969,731223783.48,High
87508.83,87810.69977840454,85902.33489603896,81033176.58,High
87508.83,88385.50317517853,85908.89048093956,226035307.89,High
87508.83,88236.69485017523,86180.061464979,45767118.09,High
87508.83,89001.93338019506,87085.38042612185,620525113.53,High
87508.83,88530.13412262722,86714.43973732502,121724782.53,High
87508.83,88386.03060961464,86348.83786151453,503525807.82,High
87508.83,88587.61144985112,86994.37330593991,842535015.24,High
87508.83,87982.31237455895,87154.61556018521,838772135.5500001,High
87508.83,88463.2264392813,86619.51033489755,848485615.6800001,High
87508.83,88178.33496314086,86424.00064974863,140801707.47,High
87508.83,87777.43317008953,86345.00235966184,209583647.85,High
87508.83,88912.33803775345,86404.54299109356,401490512.04,High
87508.83,88196.22175115462,86936.79421714054,297792548.49,High
87508.83,88060.07551044133,86842.38253740179,857761551.66,High
87508.83,87597.28591452011,86784.652175255,448395244.92,High
87508.83,87659.52766728213,87081.24701719469,234261137.91,High
87508.83,88015.0725154475,87077.26180028071,757476432.48,High
87508.83,88144.23822118959,86658.87295360975,767977492.08,High
87508.83,88758.75578761219,87207.84342434334,704271063.84,High
87508.83,88208.95884950219,87238.47919439954,277578008.76,High
87508.83,88920.6950891376,68268.30257518812,649704000.0,High
69000.0,69838.7749072624,68868.54758467873,324438000.0,High
69000.0,69528.59340659299,68403.35741288276,130065000.0,High
69000.0,69275.3480553204,67949.4766647373,20217000.0,High
69000.0,69070.79529564551,67653.74907527301,283452000.0,High
69000.0,69571.26281474218,68275.66157994787,382743000.0,High
69000.0,69602.2103223819,68593.88973962121,497628000.0,High
69000.0,69546.06142033874,68107.75185825731,521640000.0,High
69000.0,70120.95170261973,68740.98196335981,263373000.0,High
69000.0,69194.27297291066,67711.11715721306,401925000.0,High
69000.0,69219.63681589924,67941.13767156597,406341000.0,High
69000.0,69375.07039753349,68733.4866420022,498525000.0,High
69000.0,69742.50357418714,68802.95125635403,333477000.0,High
69000.0,70020.65673617566,67716.64256223186,181884000.0,High
69000.0,70253.70316392908,67677.61378863278,584706000.0,High
69000.0,69419.16132901305,68601.48953881823,9246000.0,High
69000.0,69236.54495005624,68705.68381064157,195615000.0,High
69000.0,69736.58020891866,68026.91605008575,406548000.0,High
69000.0,69461.76565002036,67628.25660930059,198651000.0,High
69000.0,70359.66906293819,68593.06855754954,581808000.0,High
69000.0,69121.23353371481,68457.91228933449,611823000.0,High
69000.0,69319.26338579033,68459.2098069473,250815000.0,High
69000.0,70056.91552487317,68320.82867460212,82731000.0,High
69000.0,69575.54099988088,68586.9937059875,677787000.0,High
69000.0,69806.0942270946,68198.27353663639,517776000.0,High
69000.0,70138.05732348001,67840.72164330122,106260000.0,High
69000.0,69943.25766057351,68406.12676708125,417657000.0,High
69000.0,69860.255387536,68563.69053969918,665850000.0,High
69000.0,69962.87079017168,67705.88494565885,613341000.0,High
69000.0,69153.22474524823,68210.28292427413,448155000.0,High
69000.0,69197.21483866713,68625.9260845105,596505000.0,High
69000.0,69865.49666728481,68475.89486617943,235014000.0,High
69000.0,69551.24392797155,68274.2642056669,536889000.0,High
69000.0,70374.38130440547,68814.40826288614,404616000.0,High
69000.0,70144.88397527035,68886.64574928519,343137000.0,High
69000.0,70283.61324130543,67999.2664534907,344379000.0,High
69000.0,69305.58737560215,67958.2332806428,524676000.0,High
69000.0,69888.02141233558,68314.34333409219,117852000.0,High
69000.0,69105.54729159664,67797.88143840148,623346000.0,High
